TimeStamp, GSRValue
37:16:461,151
37:16:580,150
37:16:600,151
37:16:621,151
37:16:641,151
37:16:661,151
37:16:682,151
37:16:702,151
37:16:722,151
37:16:744,151
37:16:764,151
37:16:784,151
37:16:805,151
37:16:825,151
37:16:845,151
37:16:867,151
37:16:887,152
37:16:908,151
37:16:928,151
37:16:948,151
37:16:969,151
37:16:990,151
37:17:010,151
37:17:030,151
37:17:051,152
37:17:071,152
37:17:092,151
37:17:112,152
37:17:133,152
37:17:153,152
37:17:173,152
37:17:194,152
37:17:215,152
37:17:235,151
37:17:251,152
37:17:271,151
37:17:293,151
37:17:313,152
37:17:333,151
37:17:354,152
37:17:374,151
37:17:395,151
37:17:415,151
37:17:436,151
37:17:456,152
37:17:477,151
37:17:497,152
37:17:517,152
37:17:538,151
37:17:559,151
37:17:579,152
37:17:600,151
37:17:620,152
37:17:640,151
37:17:661,152
37:17:681,152
37:17:702,152
37:17:722,152
37:17:743,152
37:17:763,152
37:17:784,153
37:17:804,152
37:17:825,152
37:17:845,152
37:17:865,152
37:17:886,152
37:17:907,152
37:17:927,151
37:17:948,151
37:17:968,152
37:17:988,151
37:18:008,151
37:18:030,152
37:18:050,151
37:18:071,151
37:18:091,151
37:18:112,151
37:18:132,151
37:18:152,151
37:18:173,151
37:18:193,151
37:18:214,150
37:18:234,151
37:18:255,151
37:18:275,150
37:18:295,151
37:18:316,150
37:18:337,151
37:18:357,150
37:18:377,151
37:18:398,151
37:18:419,151
37:18:439,151
37:18:460,151
37:18:480,150
37:18:500,151
37:18:520,151
37:18:542,151
37:18:562,151
37:18:583,151
37:18:603,152
37:18:623,151
37:18:644,151
37:18:664,151
37:18:685,152
37:18:705,151
37:18:726,151
37:18:746,151
37:18:763,151
37:18:783,150
37:18:804,150
37:18:824,150
37:18:845,150
37:18:865,150
37:18:885,150
37:18:906,150
37:18:927,151
37:18:947,151
37:18:967,150
37:18:988,151
37:19:009,151
37:19:029,151
37:19:049,150
37:19:069,151
37:19:090,150
37:19:110,150
37:19:131,151
37:19:152,150
37:19:172,151
37:19:193,151
37:19:213,150
37:19:234,151
37:19:254,150
37:19:275,151
37:19:295,150
37:19:316,151
37:19:336,151
37:19:357,152
37:19:377,151
37:19:398,152
37:19:418,151
37:19:438,151
37:19:459,151
37:19:479,151
37:19:500,150
37:19:520,150
37:19:541,150
37:19:562,150
37:19:581,150
37:19:602,149
37:19:623,149
37:19:643,149
37:19:664,149
37:19:684,149
37:19:705,150
37:19:725,150
37:19:745,150
37:19:766,150
37:19:786,150
37:19:807,150
37:19:827,150
37:19:848,150
37:19:868,150
37:19:889,150
37:19:910,151
37:19:930,151
37:19:950,151
37:19:971,151
37:19:991,151
37:20:012,151
37:20:033,151
37:20:053,151
37:20:073,151
37:20:093,151
37:20:114,151
37:20:134,152
37:20:151,151
37:20:172,151
37:20:192,151
37:20:212,151
37:20:233,150
37:20:253,150
37:20:274,150
37:20:295,150
37:20:315,150
37:20:335,150
37:20:356,150
37:20:376,150
37:20:397,150
37:20:418,150
37:20:438,151
37:20:458,150
37:20:478,150
37:20:499,150
37:20:520,150
37:20:540,151
37:20:561,150
37:20:581,150
37:20:602,151
37:20:622,151
37:20:642,151
37:20:663,150
37:20:684,151
37:20:704,151
37:20:724,151
37:20:744,151
37:20:766,151
37:20:786,151
37:20:806,151
37:20:827,151
37:20:848,151
37:20:868,151
37:20:889,151
37:20:909,151
37:20:930,151
37:20:950,151
37:20:970,151
37:20:991,151
37:21:011,151
37:21:032,151
37:21:052,151
37:21:072,151
37:21:093,151
37:21:114,150
37:21:134,151
37:21:154,151
37:21:175,150
37:21:195,151
37:21:216,151
37:21:236,151
37:21:256,152
37:21:278,151
37:21:297,151
37:21:318,151
37:21:335,151
37:21:359,151
37:21:375,151
37:21:396,151
37:21:417,151
37:21:437,151
37:21:458,151
37:21:478,151
37:21:499,151
37:21:519,151
37:21:539,151
37:21:560,151
37:21:580,151
37:21:601,151
37:21:621,151
37:21:642,151
37:21:662,151
37:21:683,151
37:21:704,151
37:21:724,151
37:21:744,151
37:21:765,151
37:21:785,151
37:21:806,151
37:21:826,151
37:21:847,151
37:21:867,151
37:21:888,151
37:21:908,151
37:21:929,151
37:21:949,151
37:21:970,151
37:21:990,151
37:22:011,151
37:22:031,151
37:22:051,151
37:22:072,151
37:22:092,150
37:22:113,151
37:22:134,151
37:22:154,151
37:22:174,151
37:22:194,151
37:22:215,151
37:22:236,151
37:22:256,151
37:22:277,151
37:22:298,151
37:22:318,152
37:22:338,151
37:22:358,151
37:22:379,151
37:22:399,151
37:22:420,151
37:22:440,152
37:22:461,151
37:22:481,151
37:22:502,151
37:22:522,151
37:22:543,151
37:22:563,151
37:22:584,151
37:22:604,152
37:22:625,151
37:22:645,151
37:22:666,151
37:22:687,151
37:22:707,151
37:22:727,151
37:22:748,151
37:22:768,151
37:22:784,151
37:22:809,151
37:22:826,150
37:22:846,151
37:22:867,150
37:22:887,150
37:22:908,151
37:22:928,151
37:22:949,151
37:22:969,151
37:22:990,151
37:23:010,152
37:23:030,151
37:23:051,151
37:23:072,152
37:23:092,151
37:23:112,151
37:23:133,151
37:23:153,151
37:23:173,151
37:23:194,151
37:23:215,151
37:23:235,151
37:23:256,151
37:23:276,152
37:23:297,152
37:23:317,152
37:23:337,152
37:23:358,152
37:23:379,152
37:23:399,152
37:23:419,151
37:23:440,152
37:23:461,152
37:23:481,152
37:23:501,153
37:23:522,152
37:23:542,152
37:23:563,151
37:23:584,152
37:23:603,152
37:23:624,152
37:23:645,152
37:23:665,151
37:23:686,152
37:23:706,151
37:23:727,152
37:23:747,151
37:23:768,151
37:23:788,152
37:23:808,151
37:23:829,151
37:23:850,151
37:23:870,152
37:23:891,151
37:23:911,151
37:23:931,151
37:23:952,151
37:23:973,151
37:23:993,151
37:24:014,151
37:24:034,151
37:24:054,151
37:24:075,151
37:24:096,151
37:24:116,151
37:24:137,151
37:24:156,151
37:24:177,152
37:24:197,152
37:24:218,152
37:24:238,256
37:24:259,152
37:24:279,151
37:24:296,152
37:24:317,151
37:24:337,152
37:24:357,152
37:24:378,151
37:24:398,152
37:24:419,152
37:24:439,152
37:24:460,151
37:24:480,151
37:24:501,151
37:24:521,151
37:24:541,151
37:24:562,151
37:24:582,152
37:24:603,151
37:24:624,152
37:24:644,151
37:24:665,151
37:24:685,152
37:24:706,151
37:24:726,151
37:24:747,151
37:24:766,151
37:24:788,151
37:24:808,150
37:24:829,150
37:24:849,150
37:24:869,150
37:24:890,150
37:24:911,150
37:24:931,150
37:24:951,151
37:24:971,151
37:24:992,150
37:25:012,151
37:25:034,150
37:25:053,151
37:25:074,152
37:25:095,151
37:25:116,151
37:25:136,151
37:25:156,151
37:25:176,151
37:25:197,152
37:25:217,152
37:25:238,152
37:25:258,152
37:25:279,152
37:25:300,152
37:25:320,152
37:25:340,152
37:25:360,151
37:25:381,151
37:25:402,150
37:25:422,150
37:25:442,150
37:25:463,150
37:25:483,150
37:25:504,151
37:25:525,151
37:25:545,151
37:25:565,151
37:25:586,151
37:25:607,151
37:25:627,152
37:25:647,151
37:25:668,152
37:25:688,151
37:25:709,151
37:25:729,151
37:25:746,151
37:25:766,151
37:25:786,151
37:25:807,151
37:25:828,151
37:25:848,151
37:25:868,150
37:25:889,151
37:25:910,150
37:25:931,150
37:25:951,150
37:25:971,151
37:25:992,151
37:26:012,151
37:26:032,151
37:26:053,151
37:26:074,151
37:26:094,151
37:26:115,152
37:26:135,151
37:26:156,151
37:26:176,151
37:26:196,151
37:26:217,151
37:26:237,151
37:26:258,151
37:26:278,151
37:26:299,151
37:26:320,150
37:26:340,151
37:26:360,151
37:26:381,151
37:26:401,151
37:26:422,151
37:26:443,151
37:26:463,151
37:26:484,150
37:26:504,144
37:26:524,142
37:26:545,143
37:26:565,143
37:26:585,145
37:26:606,145
37:26:626,146
37:26:647,146
37:26:668,147
37:26:687,147
37:26:708,148
37:26:729,148
37:26:749,148
37:26:770,149
37:26:790,149
37:26:810,149
37:26:831,150
37:26:852,150
37:26:872,150
37:26:893,150
37:26:913,150
37:26:934,151
37:26:954,151
37:26:975,151
37:26:995,150
37:27:016,151
37:27:036,151
37:27:057,151
37:27:077,151
37:27:097,151
37:27:118,151
37:27:138,151
37:27:159,151
37:27:179,151
37:27:196,151
37:27:220,151
37:27:237,151
37:27:257,151
37:27:278,151
37:27:298,151
37:27:319,151
37:27:340,151
37:27:360,151
37:27:380,151
37:27:401,151
37:27:422,152
37:27:441,151
37:27:462,151
37:27:483,151
37:27:503,152
37:27:523,151
37:27:544,152
37:27:564,151
37:27:585,151
37:27:605,152
37:27:626,152
37:27:647,151
37:27:666,151
37:27:688,151
37:27:708,152
37:27:729,151
37:27:749,152
37:27:770,151
37:27:790,151
37:27:810,152
37:27:831,151
37:27:852,151
37:27:872,151
37:27:892,151
37:27:913,152
37:27:933,151
37:27:953,151
37:27:974,151
37:27:995,151
37:28:015,151
37:28:035,151
37:28:056,151
37:28:076,151
37:28:097,151
37:28:117,151
37:28:138,150
37:28:159,151
37:28:179,151
37:28:199,150
37:28:220,151
37:28:240,151
37:28:260,151
37:28:281,151
37:28:301,151
37:28:322,151
37:28:343,151
37:28:363,151
37:28:384,151
37:28:404,150
37:28:424,150
37:28:445,150
37:28:465,150
37:28:486,150
37:28:506,150
37:28:526,150
37:28:547,149
37:28:567,149
37:28:589,149
37:28:609,150
37:28:630,150
37:28:650,149
37:28:671,150
37:28:687,149
37:28:707,149
37:28:728,149
37:28:748,149
37:28:769,148
37:28:789,149
37:28:809,149
37:28:830,149
37:28:851,149
37:28:871,149
37:28:891,148
37:28:912,148
37:28:933,148
37:28:952,148
37:28:973,148
37:28:994,148
37:29:014,148
37:29:035,148
37:29:055,148
37:29:076,148
37:29:097,148
37:29:116,148
37:29:137,147
37:29:158,148
37:29:178,148
37:29:199,147
37:29:219,148
37:29:239,147
37:29:260,147
37:29:280,147
37:29:301,147
37:29:322,148
37:29:342,147
37:29:363,147
37:29:383,147
37:29:404,147
37:29:424,147
37:29:445,147
37:29:464,148
37:29:486,147
37:29:506,147
37:29:526,147
37:29:547,146
37:29:567,146
37:29:588,146
37:29:608,145
37:29:629,146
37:29:649,146
37:29:670,147
37:29:690,147
37:29:711,147
37:29:731,147
37:29:751,147
37:29:772,147
37:29:792,146
37:29:813,146
37:29:833,146
37:29:854,145
37:29:875,146
37:29:895,145
37:29:915,145
37:29:936,145
37:29:957,144
37:29:973,145
37:29:993,145
37:30:014,145
37:30:035,146
37:30:054,145
37:30:075,146
37:30:096,145
37:30:116,145
37:30:137,145
37:30:157,145
37:30:177,145
37:30:198,145
37:30:218,145
37:30:239,145
37:30:259,145
37:30:280,145
37:30:300,145
37:30:321,145
37:30:341,145
37:30:361,145
37:30:383,146
37:30:403,145
37:30:423,145
37:30:443,146
37:30:464,145
37:30:485,145
37:30:505,145
37:30:525,145
37:30:546,145
37:30:567,146
37:30:587,145
37:30:608,145
37:30:628,146
37:30:648,145
37:30:669,145
37:30:690,145
37:30:709,145
37:30:730,145
37:30:751,145
37:30:771,145
37:30:792,146
37:30:812,145
37:30:833,146
37:30:853,146
37:30:873,146
37:30:894,147
37:30:915,146
37:30:935,147
37:30:956,146
37:30:976,146
37:30:996,147
37:31:017,145
37:31:038,145
37:31:058,145
37:31:078,145
37:31:099,146
37:31:119,146
37:31:140,146
37:31:160,146
37:31:181,538
37:31:202,146
37:31:222,146
37:31:242,147
37:31:263,146
37:31:283,146
37:31:304,146
37:31:324,146
37:31:345,146
37:31:365,146
37:31:386,146
37:31:406,146
37:31:422,146
37:31:444,146
37:31:464,146
37:31:484,146
37:31:504,146
37:31:525,146
37:31:546,146
37:31:566,147
37:31:587,146
37:31:607,147
37:31:627,147
37:31:648,147
37:31:668,147
37:31:689,146
37:31:710,147
37:31:730,146
37:31:750,146
37:31:770,146
37:31:791,146
37:31:812,146
37:31:833,146
37:31:853,146
37:31:873,146
37:31:894,146
37:31:914,146
37:31:935,146
37:31:955,146
37:31:975,146
37:31:996,146
37:32:017,146
37:32:037,146
37:32:057,146
37:32:078,147
37:32:098,145
37:32:119,146
37:32:140,147
37:32:160,146
37:32:180,146
37:32:201,146
37:32:221,145
37:32:242,146
37:32:262,146
37:32:283,146
37:32:303,146
37:32:324,146
37:32:344,146
37:32:364,146
37:32:386,146
37:32:405,146
37:32:426,146
37:32:446,146
37:32:467,146
37:32:488,145
37:32:508,146
37:32:528,146
37:32:549,147
37:32:570,146
37:32:590,146
37:32:610,146
37:32:631,146
37:32:651,146
37:32:672,146
37:32:692,146
37:32:712,147
37:32:733,147
37:32:754,147
37:32:775,147
37:32:794,146
37:32:815,145
37:32:836,145
37:32:856,146
37:32:873,146
37:32:893,146
37:32:913,146
37:32:934,145
37:32:955,146
37:32:975,146
37:32:995,146
37:33:016,146
37:33:037,146
37:33:057,146
37:33:078,147
37:33:098,146
37:33:118,146
37:33:139,147
37:33:159,147
37:33:180,147
37:33:200,147
37:33:220,147
37:33:242,146
37:33:262,147
37:33:282,146
37:33:302,146
37:33:323,147
37:33:344,147
37:33:364,146
37:33:384,146
37:33:405,146
37:33:425,147
37:33:446,147
37:33:467,147
37:33:487,147
37:33:507,147
37:33:528,147
37:33:549,146
37:33:569,146
37:33:590,145
37:33:610,144
37:33:631,144
37:33:650,144
37:33:671,144
37:33:692,144
37:33:712,144
37:33:732,144
37:33:754,145
37:33:773,145
37:33:794,146
37:33:815,146
37:33:835,147
37:33:855,146
37:33:876,147
37:33:896,147
37:33:917,147
37:33:938,148
37:33:958,147
37:33:978,147
37:33:999,147
37:34:020,148
37:34:040,148
37:34:060,147
37:34:081,147
37:34:101,147
37:34:121,147
37:34:142,147
37:34:163,147
37:34:183,148
37:34:204,147
37:34:224,147
37:34:241,147
37:34:265,147
37:34:281,147
37:34:302,147
37:34:322,147
37:34:343,147
37:34:363,147
37:34:383,147
37:34:404,147
37:34:425,147
37:34:446,148
37:34:466,147
37:34:486,147
37:34:507,148
37:34:527,148
37:34:548,147
37:34:568,148
37:34:588,148
37:34:609,148
37:34:630,148
37:34:650,148
37:34:670,148
37:34:691,148
37:34:711,147
37:34:732,148
37:34:752,147
37:34:773,146
37:34:793,146
37:34:814,146
37:34:835,146
37:34:855,146
37:34:875,147
37:34:896,147
37:34:917,147
37:34:937,148
37:34:957,148
37:34:978,148
37:34:998,149
37:35:019,148
37:35:039,149
37:35:059,149
37:35:080,149
37:35:101,149
37:35:121,149
37:35:142,149
37:35:162,149
37:35:182,149
37:35:203,149
37:35:223,149
37:35:244,149
37:35:264,149
37:35:285,149
37:35:305,150
37:35:326,149
37:35:346,150
37:35:367,149
37:35:387,150
37:35:408,149
37:35:428,150
37:35:449,149
37:35:470,150
37:35:490,149
37:35:510,149
37:35:531,149
37:35:551,150
37:35:572,149
37:35:592,149
37:35:612,149
37:35:633,150
37:35:650,149
37:35:670,149
37:35:690,149
37:35:711,150
37:35:731,149
37:35:752,149
37:35:772,148
37:35:793,149
37:35:813,149
37:35:834,148
37:35:854,149
37:35:875,148
37:35:895,148
37:35:916,148
37:35:936,149
37:35:956,148
37:35:977,149
37:35:998,148
37:36:018,148
37:36:039,148
37:36:059,149
37:36:079,148
37:36:101,148
37:36:121,148
37:36:141,148
37:36:162,148
37:36:182,148
37:36:202,148
37:36:223,148
37:36:244,148
37:36:263,148
37:36:285,148
37:36:305,148
37:36:325,148
37:36:346,148
37:36:366,148
37:36:386,148
37:36:408,148
37:36:427,148
37:36:448,148
37:36:469,148
37:36:489,148
37:36:509,148
37:36:530,147
37:36:550,148
37:36:571,147
37:36:591,147
37:36:612,147
37:36:632,147
37:36:652,148
37:36:674,148
37:36:694,147
37:36:714,147
37:36:735,148
37:36:756,147
37:36:776,148
37:36:796,148
37:36:817,147
37:36:838,147
37:36:858,147
37:36:878,148
37:36:898,147
37:36:919,147
37:36:940,147
37:36:956,147
37:36:976,147
37:36:997,147
37:37:017,147
37:37:038,147
37:37:058,148
37:37:079,147
37:37:100,147
37:37:120,147
37:37:140,147
37:37:161,148
37:37:181,147
37:37:202,147
37:37:222,147
37:37:243,146
37:37:263,147
37:37:284,146
37:37:304,147
37:37:325,147
37:37:346,146
37:37:366,147
37:37:386,146
37:37:407,147
37:37:427,147
37:37:447,147
37:37:468,147
37:37:489,147
37:37:509,147
37:37:530,147
37:37:550,147
37:37:570,147
37:37:591,147
37:37:612,147
37:37:632,147
37:37:653,147
37:37:673,148
37:37:694,147
37:37:714,147
37:37:734,147
37:37:755,147
37:37:776,147
37:37:796,147
37:37:816,147
37:37:837,147
37:37:857,147
37:37:877,147
37:37:898,147
37:37:919,147
37:37:939,148
37:37:960,147
37:37:980,147
37:38:000,147
37:38:021,147
37:38:041,147
37:38:062,147
37:38:082,147
37:38:103,147
37:38:123,147
37:38:144,147
37:38:164,147
37:38:185,147
37:38:205,147
37:38:222,147
37:38:247,147
37:38:263,147
37:38:283,147
37:38:304,148
37:38:324,147
37:38:345,148
37:38:365,147
37:38:386,148
37:38:406,147
37:38:426,147
37:38:447,147
37:38:467,148
37:38:488,148
37:38:508,148
37:38:529,148
37:38:549,148
37:38:569,148
37:38:591,148
37:38:611,148
37:38:631,148
37:38:651,147
37:38:672,148
37:38:693,147
37:38:713,148
37:38:733,148
37:38:754,148
37:38:775,148
37:38:795,148
37:38:816,148
37:38:836,148
37:38:856,148
37:38:877,148
37:38:897,148
37:38:918,148
37:38:939,148
37:38:959,148
37:38:980,148
37:39:000,148
37:39:020,148
37:39:040,148
37:39:061,148
37:39:082,148
37:39:103,148
37:39:123,148
37:39:143,148
37:39:163,148
37:39:185,148
37:39:205,148
37:39:225,148
37:39:245,148
37:39:266,148
37:39:286,149
37:39:307,148
37:39:327,149
37:39:348,149
37:39:368,149
37:39:389,149
37:39:409,149
37:39:430,148
37:39:451,149
37:39:471,149
37:39:491,148
37:39:511,149
37:39:532,148
37:39:553,148
37:39:569,149
37:39:590,149
37:39:610,148
37:39:631,149
37:39:652,148
37:39:671,149
37:39:692,148
37:39:712,149
37:39:732,149
37:39:754,148
37:39:774,149
37:39:795,148
37:39:815,148
37:39:835,149
37:39:856,148
37:39:876,149
37:39:897,148
37:39:918,149
37:39:938,149
37:39:958,148
37:39:979,149
37:39:999,149
37:40:020,149
37:40:040,149
37:40:061,149
37:40:081,149
37:40:101,149
37:40:122,149
37:40:142,148
37:40:163,149
37:40:184,149
37:40:204,149
37:40:225,149
37:40:245,149
37:40:266,149
37:40:286,149
37:40:306,149
37:40:327,149
37:40:348,149
37:40:368,149
37:40:388,149
37:40:409,149
37:40:430,149
37:40:450,149
37:40:470,149
37:40:491,149
37:40:511,149
37:40:531,149
37:40:552,149
37:40:572,149
37:40:593,149
37:40:613,149
37:40:634,149
37:40:654,149
37:40:675,149
37:40:696,149
37:40:716,149
37:40:736,149
37:40:757,149
37:40:777,149
37:40:798,150
37:40:818,149
37:40:838,149
37:40:860,150
37:40:880,150
37:40:900,149
37:40:920,149
37:40:941,149
37:40:961,149
37:40:982,149
37:41:002,149
37:41:020,149
37:41:039,149
37:41:060,149
37:41:080,149
37:41:101,149
37:41:122,149
37:41:142,150
37:41:163,149
37:41:183,149
37:41:204,149
37:41:224,149
37:41:244,149
37:41:265,149
37:41:285,149
37:41:306,149
37:41:327,150
37:41:347,150
37:41:367,149
37:41:388,150
37:41:408,149
37:41:428,247
37:41:450,149
37:41:470,149
37:41:490,149
37:41:510,150
37:41:531,150
37:41:551,149
37:41:572,150
37:41:592,150
37:41:613,150
37:41:633,150
37:41:654,151
37:41:675,150
37:41:695,150
37:41:715,150
37:41:736,150
37:41:756,149
37:41:777,149
37:41:798,149
37:41:818,150
37:41:839,149
37:41:859,150
37:41:880,149
37:41:900,149
37:41:920,150
37:41:940,149
37:41:961,150
37:41:981,149
37:42:002,149
37:42:022,149
37:42:043,149
37:42:064,149
37:42:084,149
37:42:104,149
37:42:125,149
37:42:145,150
37:42:165,149
37:42:186,149
37:42:206,150
37:42:228,149
37:42:248,150
37:42:268,149
37:42:288,149
37:42:309,150
37:42:330,150
37:42:351,150
37:42:370,149
37:42:388,150
37:42:408,150
37:42:428,150
37:42:449,151
37:42:469,150
37:42:489,150
37:42:510,150
37:42:531,150
37:42:551,150
37:42:571,149
37:42:592,149
37:42:612,149
37:42:632,149
37:42:654,149
37:42:673,149
37:42:694,149
37:42:714,150
37:42:735,150
37:42:756,150
37:42:776,149
37:42:796,150
37:42:818,150
37:42:838,150
37:42:858,150
37:42:878,150
37:42:899,149
37:42:919,149
37:42:940,150
37:42:960,150
37:42:981,149
37:43:002,149
37:43:022,149
37:43:042,149
37:43:063,150
37:43:083,150
37:43:104,150
37:43:124,149
37:43:145,150
37:43:166,149
37:43:186,150
37:43:206,150
37:43:226,150
37:43:247,150
37:43:267,149
37:43:288,150
37:43:309,150
37:43:329,150
37:43:350,150
37:43:370,150
37:43:390,150
37:43:411,149
37:43:431,149
37:43:452,149
37:43:473,150
37:43:493,149
37:43:513,149
37:43:534,150
37:43:555,149
37:43:574,150
37:43:596,149
37:43:616,149
37:43:636,150
37:43:657,149
37:43:677,150
37:43:694,149
37:43:714,149
37:43:735,150
37:43:755,149
37:43:776,149
37:43:796,149
37:43:816,150
37:43:837,150
37:43:857,150
37:43:878,149
37:43:899,149
37:43:919,150
37:43:939,150
37:43:960,149
37:43:980,149
37:44:001,149
37:44:022,149
37:44:041,149
37:44:062,149
37:44:083,149
37:44:104,149
37:44:123,149
37:44:145,149
37:44:165,149
37:44:186,150
37:44:205,149
37:44:226,149
37:44:247,246
37:44:267,149
37:44:288,149
37:44:308,149
37:44:329,149
37:44:349,149
37:44:369,149
37:44:390,148
37:44:410,149
37:44:431,149
37:44:451,149
37:44:472,149
37:44:492,149
37:44:513,149
37:44:533,149
37:44:554,149
37:44:574,149
37:44:595,149
37:44:615,149
37:44:635,149
37:44:656,149
37:44:677,149
37:44:697,149
37:44:717,149
37:44:738,149
37:44:758,149
37:44:779,148
37:44:800,149
37:44:820,149
37:44:840,149
37:44:861,149
37:44:881,148
37:44:902,149
37:44:922,149
37:44:943,149
37:44:963,149
37:44:984,149
37:45:004,149
37:45:025,149
37:45:045,149
37:45:066,149
37:45:087,149
37:45:106,149
37:45:128,149
37:45:147,149
37:45:168,149
37:45:185,149
37:45:205,148
37:45:225,149
37:45:246,149
37:45:266,149
37:45:287,149
37:45:307,149
37:45:328,149
37:45:349,150
37:45:369,149
37:45:390,149
37:45:410,149
37:45:431,149
37:45:451,149
37:45:471,149
37:45:491,150
37:45:512,149
37:45:532,149
37:45:553,150
37:45:573,149
37:45:593,149
37:45:614,149
37:45:635,149
37:45:655,149
37:45:676,149
37:45:696,149
37:45:717,149
37:45:738,149
37:45:758,149
37:45:778,149
37:45:799,149
37:45:819,149
37:45:840,149
37:45:861,149
37:45:880,149
37:45:901,149
37:45:921,149
37:45:942,150
37:45:962,149
37:45:983,149
37:46:004,150
37:46:025,149
37:46:045,149
37:46:066,149
37:46:085,149
37:46:106,150
37:46:127,149
37:46:147,150
37:46:167,149
37:46:188,150
37:46:209,149
37:46:229,149
37:46:250,150
37:46:269,149
37:46:290,150
37:46:311,150
37:46:331,150
37:46:352,150
37:46:368,150
37:46:393,150
37:46:410,150
37:46:430,150
37:46:450,149
37:46:471,150
37:46:491,149
37:46:512,150
37:46:532,150
37:46:552,149
37:46:573,150
37:46:593,150
37:46:614,150
37:46:635,150
37:46:655,149
37:46:675,150
37:46:696,150
37:46:716,150
37:46:736,150
37:46:758,150
37:46:777,150
37:46:798,150
37:46:819,149
37:46:839,150
37:46:860,150
37:46:880,150
37:46:901,150
37:46:921,150
37:46:941,150
37:46:962,150
37:46:982,150
37:47:003,150
37:47:024,150
37:47:044,150
37:47:065,150
37:47:085,150
37:47:105,150
37:47:126,150
37:47:146,151
37:47:167,150
37:47:188,151
37:47:208,150
37:47:229,150
37:47:249,150
37:47:269,150
37:47:290,150
37:47:310,150
37:47:331,150
37:47:351,150
37:47:372,150
37:47:392,150
37:47:413,151
37:47:433,150
37:47:454,150
37:47:474,150
37:47:494,150
37:47:515,151
37:47:536,150
37:47:556,150
37:47:576,150
37:47:597,150
37:47:617,150
37:47:638,150
37:47:659,150
37:47:679,150
37:47:700,150
37:47:719,150
37:47:736,150
37:47:761,150
37:47:777,150
37:47:798,150
37:47:818,150
37:47:839,150
37:47:859,150
37:47:880,150
37:47:900,150
37:47:921,150
37:47:941,150
37:47:961,151
37:47:982,150
37:48:003,151
37:48:023,151
37:48:044,150
37:48:064,150
37:48:085,151
37:48:105,150
37:48:125,150
37:48:146,149
37:48:166,150
37:48:187,150
37:48:208,150
37:48:227,150
37:48:248,150
37:48:268,151
37:48:289,150
37:48:310,150
37:48:330,150
37:48:350,150
37:48:372,150
37:48:392,150
37:48:412,150
37:48:432,150
37:48:453,150
37:48:474,150
37:48:494,150
37:48:514,150
37:48:535,150
37:48:555,150
37:48:576,150
37:48:596,150
37:48:617,150
37:48:637,150
37:48:657,150
37:48:679,150
37:48:699,150
37:48:719,149
37:48:740,150
37:48:760,150
37:48:780,150
37:48:801,150
37:48:822,150
37:48:842,151
37:48:863,150
37:48:883,151
37:48:904,150
37:48:924,150
37:48:945,150
37:48:965,150
37:48:986,150
37:49:006,150
37:49:026,150
37:49:047,150
37:49:067,151
37:49:088,150
37:49:108,150
37:49:129,150
37:49:149,150
37:49:170,150
37:49:191,151
37:49:206,150
37:49:227,150
37:49:247,150
37:49:268,150
37:49:289,150
37:49:309,150
37:49:330,150
37:49:350,150
37:49:371,150
37:49:390,150
37:49:412,150
37:49:431,150
37:49:452,150
37:49:472,150
37:49:494,150
37:49:514,150
37:49:534,151
37:49:555,150
37:49:575,150
37:49:595,151
37:49:616,150
37:49:637,150
37:49:657,151
37:49:678,150
37:49:698,150
37:49:718,151
37:49:740,150
37:49:759,150
37:49:780,150
37:49:801,150
37:49:821,150
37:49:842,150
37:49:862,150
37:49:882,150
37:49:903,150
37:49:924,150
37:49:944,150
37:49:964,151
37:49:985,151
37:50:005,150
37:50:026,150
37:50:046,151
37:50:067,150
37:50:088,150
37:50:108,150
37:50:128,150
37:50:148,150
37:50:170,150
37:50:190,150
37:50:211,150
37:50:230,151
37:50:251,150
37:50:272,150
37:50:292,150
37:50:313,150
37:50:333,150
37:50:353,150
37:50:369,150
37:50:394,150
37:50:411,151
37:50:431,150
37:50:452,150
37:50:472,150
37:50:492,151
37:50:513,151
37:50:534,150
37:50:554,151
37:50:575,150
37:50:595,150
37:50:615,150
37:50:636,150
37:50:657,150
37:50:677,151
37:50:698,150
37:50:718,150
37:50:738,150
37:50:759,151
37:50:779,150
37:50:800,150
37:50:820,150
37:50:840,150
37:50:861,150
37:50:881,151
37:50:902,150
37:50:923,151
37:50:943,150
37:50:964,150
37:50:984,150
37:51:005,150
37:51:025,150
37:51:046,150
37:51:066,150
37:51:087,151
37:51:107,150
37:51:127,149
37:51:148,150
37:51:168,150
37:51:189,150
37:51:209,150
37:51:229,150
37:51:250,150
37:51:271,151
37:51:291,151
37:51:312,151
37:51:332,151
37:51:353,150
37:51:373,150
37:51:394,151
37:51:415,150
37:51:434,151
37:51:456,150
37:51:475,150
37:51:496,150
37:51:517,150
37:51:537,150
37:51:557,150
37:51:578,150
37:51:598,151
37:51:619,151
37:51:639,151
37:51:660,150
37:51:681,150
37:51:701,151
37:51:721,151
37:51:738,150
37:51:758,150
37:51:779,150
37:51:800,150
37:51:820,150
37:51:841,151
37:51:861,150
37:51:881,150
37:51:901,150
37:51:922,151
37:51:942,151
37:51:964,151
37:51:984,151
37:52:004,151
37:52:024,151
37:52:045,151
37:52:066,151
37:52:086,151
37:52:106,151
37:52:127,150
37:52:147,150
37:52:168,151
37:52:189,150
37:52:209,150
37:52:229,150
37:52:250,150
37:52:271,151
37:52:291,150
37:52:311,150
37:52:331,151
37:52:352,150
37:52:372,151
37:52:393,150
37:52:413,151
37:52:434,150
37:52:454,150
37:52:475,150
37:52:496,151
37:52:516,150
37:52:536,150
37:52:557,150
37:52:578,151
37:52:598,150
37:52:618,150
37:52:639,151
37:52:659,151
37:52:680,151
37:52:700,151
37:52:721,151
37:52:741,151
37:52:762,151
37:52:783,151
37:52:803,152
37:52:824,151
37:52:844,151
37:52:865,151
37:52:884,151
37:52:905,151
37:52:926,151
37:52:947,151
37:52:966,151
37:52:987,151
37:53:008,151
37:53:028,151
37:53:049,151
37:53:069,151
37:53:090,151
37:53:110,151
37:53:130,151
37:53:147,151
37:53:168,150
37:53:188,150
37:53:209,150
37:53:229,150
37:53:249,151
37:53:270,150
37:53:290,151
37:53:310,151
37:53:331,150
37:53:352,151
37:53:372,150
37:53:392,150
37:53:413,151
37:53:433,151
37:53:454,151
37:53:474,151
37:53:495,151
37:53:515,151
37:53:536,151
37:53:557,151
37:53:577,151
37:53:597,151
37:53:618,151
37:53:638,151
37:53:659,151
37:53:679,151
37:53:700,151
37:53:720,151
37:53:741,151
37:53:761,150
37:53:782,151
37:53:802,151
37:53:823,151
37:53:843,151
37:53:864,151
37:53:884,151
37:53:904,150
37:53:925,151
37:53:946,150
37:53:966,150
37:53:986,150
37:54:006,151
37:54:027,150
37:54:048,151
37:54:068,151
37:54:088,151
37:54:110,151
37:54:130,151
37:54:150,150
37:54:171,150
37:54:191,151
37:54:211,151
37:54:232,150
37:54:252,151
37:54:273,151
37:54:293,151
37:54:314,151
37:54:335,151
37:54:355,151
37:54:375,150
37:54:396,151
37:54:417,151
37:54:437,150
37:54:457,151
37:54:478,150
37:54:498,150
37:54:519,151
37:54:540,151
37:54:560,151
37:54:580,151
37:54:600,151
37:54:621,151
37:54:641,151
37:54:662,151
37:54:678,151
37:54:699,151
37:54:720,150
37:54:740,151
37:54:760,151
37:54:781,151
37:54:802,151
37:54:822,150
37:54:842,151
37:54:863,151
37:54:883,151
37:54:904,151
37:54:924,151
37:54:945,151
37:54:965,151
37:54:985,151
37:55:005,152
37:55:027,151
37:55:047,151
37:55:067,151
37:55:088,152
37:55:109,151
37:55:130,151
37:55:150,151
37:55:170,151
37:55:191,150
37:55:211,151
37:55:231,150
37:55:252,151
37:55:272,150
37:55:293,151
37:55:314,151
37:55:334,151
37:55:355,151
37:55:375,151
37:55:395,151
37:55:415,151
37:55:436,152
37:55:457,151
37:55:477,151
37:55:498,151
37:55:518,151
37:55:538,151
37:55:559,151
37:55:580,151
37:55:600,151
37:55:621,151
37:55:641,151
37:55:662,151
37:55:682,151
37:55:703,151
37:55:723,151
37:55:744,151
37:55:763,151
37:55:785,152
37:55:805,151
37:55:826,152
37:55:846,151
37:55:866,151
37:55:887,152
37:55:907,151
37:55:928,151
37:55:948,151
37:55:969,151
37:55:989,151
37:56:010,151
37:56:027,151
37:56:046,150
37:56:067,150
37:56:088,151
37:56:108,151
37:56:129,151
37:56:149,151
37:56:169,151
37:56:190,151
37:56:210,151
37:56:231,151
37:56:251,150
37:56:272,151
37:56:293,151
37:56:313,151
37:56:333,150
37:56:354,150
37:56:374,151
37:56:395,151
37:56:416,150
37:56:436,150
37:56:456,150
37:56:477,150
37:56:497,150
37:56:517,151
37:56:538,150
37:56:559,150
37:56:579,151
37:56:599,150
37:56:620,150
37:56:640,151
37:56:661,150
37:56:682,151
37:56:702,151
37:56:723,150
37:56:743,150
37:56:763,150
37:56:784,151
37:56:804,151
37:56:825,150
37:56:845,150
37:56:866,150
37:56:886,150
37:56:907,150
37:56:927,150
37:56:947,150
37:56:968,150
37:56:989,150
37:57:010,150
37:57:030,150
37:57:050,150
37:57:071,150
37:57:091,150
37:57:112,150
37:57:132,150
37:57:153,150
37:57:173,150
37:57:194,150
37:57:213,150
37:57:234,150
37:57:255,150
37:57:276,151
37:57:296,150
37:57:312,150
37:57:333,150
37:57:353,151
37:57:374,150
37:57:394,150
37:57:415,151
37:57:435,150
37:57:456,151
37:57:476,150
37:57:496,151
37:57:517,151
37:57:537,151
37:57:558,151
37:57:579,151
37:57:599,151
37:57:620,151
37:57:640,151
37:57:661,151
37:57:681,150
37:57:702,151
37:57:722,150
37:57:742,151
37:57:763,151
37:57:783,150
37:57:804,151
37:57:824,328
37:57:844,151
37:57:865,150
37:57:885,150
37:57:907,151
37:57:926,151
37:57:947,151
37:57:968,151
37:57:988,150
37:58:009,151
37:58:029,150
37:58:049,150
37:58:070,150
37:58:091,151
37:58:111,150
37:58:131,151
37:58:152,151
37:58:172,151
37:58:192,151
37:58:213,151
37:58:234,151
37:58:254,151
37:58:275,151
37:58:295,151
37:58:316,152
37:58:336,151
37:58:357,151
37:58:377,151
37:58:398,151
37:58:418,151
37:58:439,151
37:58:459,151
37:58:479,151
37:58:500,151
37:58:520,151
37:58:541,151
37:58:561,151
37:58:582,151
37:58:602,152
37:58:623,151
37:58:644,152
37:58:664,151
37:58:681,151
37:58:705,151
37:58:721,151
37:58:741,151
37:58:762,151
37:58:783,152
37:58:803,151
37:58:824,151
37:58:844,151
37:58:864,151
37:58:885,152
37:58:905,152
37:58:926,151
37:58:946,152
37:58:967,151
37:58:987,151
37:59:008,151
37:59:028,151
37:59:049,151
37:59:070,152
37:59:090,152
37:59:110,152
37:59:131,152
37:59:151,152
37:59:172,152
37:59:193,151
37:59:213,151
37:59:233,151
37:59:253,151
37:59:274,151
37:59:295,151
37:59:315,152
37:59:335,151
37:59:356,151
37:59:376,151
37:59:397,152
37:59:418,152
37:59:438,152
37:59:459,152
37:59:479,152
37:59:500,151
37:59:520,151
37:59:540,151
37:59:561,151
37:59:581,151
37:59:602,151
37:59:623,152
37:59:642,151
37:59:663,152
37:59:684,151
37:59:704,151
37:59:724,151
37:59:745,151
37:59:766,152
37:59:786,151
37:59:807,151
37:59:827,151
37:59:847,151
37:59:868,152
37:59:888,152
37:59:909,151
37:59:930,152
37:59:950,152
37:59:971,151
37:59:991,152
38:00:011,152
38:00:032,152
38:00:052,152
38:00:069,151
38:00:089,151
38:00:110,151
38:00:130,151
38:00:150,151
38:00:171,151
38:00:192,152
38:00:212,151
38:00:233,151
38:00:253,151
38:00:274,151
38:00:294,152
38:00:315,151
38:00:335,151
38:00:355,152
38:00:375,151
38:00:396,151
38:00:417,151
38:00:438,151
38:00:458,151
38:00:478,151
38:00:499,151
38:00:519,151
38:00:540,151
38:00:560,152
38:00:580,152
38:00:601,151
38:00:622,151
38:00:642,152
38:00:663,151
38:00:683,152
38:00:704,151
38:00:724,152
38:00:744,152
38:00:764,152
38:00:785,152
38:00:806,152
38:00:827,152
38:00:847,151
38:00:867,152
38:00:887,152
38:00:908,151
38:00:928,151
38:00:949,151
38:00:970,152
38:00:991,152
38:01:011,152
38:01:031,152
38:01:051,152
38:01:072,152
38:01:093,152
38:01:113,151
38:01:133,152
38:01:154,152
38:01:171,152
38:01:191,152
38:01:211,151
38:01:232,151
38:01:252,151
38:01:273,152
38:01:293,152
38:01:314,152
38:01:334,152
38:01:355,151
38:01:375,152
38:01:396,151
38:01:416,152
38:01:437,151
38:01:457,152
38:01:477,152
38:01:498,152
38:01:519,152
38:01:539,152
38:01:560,152
38:01:580,152
38:01:601,152
38:01:621,152
38:01:641,152
38:01:662,151
38:01:682,152
38:01:703,152
38:01:723,152
38:01:744,152
38:01:765,152
38:01:785,151
38:01:805,152
38:01:826,152
38:01:846,152
38:01:867,151
38:01:888,152
38:01:908,152
38:01:928,152
38:01:948,152
38:01:970,152
38:01:990,152
38:02:010,151
38:02:031,152
38:02:051,152
38:02:072,152
38:02:092,151
38:02:113,151
38:02:133,152
38:02:153,152
38:02:174,152
38:02:195,152
38:02:215,152
38:02:235,152
38:02:255,152
38:02:277,152
38:02:293,152
38:02:314,152
38:02:334,153
38:02:354,152
38:02:374,152
38:02:395,152
38:02:416,152
38:02:436,152
38:02:457,152
38:02:477,152
38:02:497,151
38:02:518,152
38:02:538,152
38:02:559,152
38:02:580,152
38:02:600,152
38:02:621,152
38:02:641,152
38:02:662,152
38:02:682,152
38:02:702,152
38:02:723,152
38:02:744,152
38:02:764,152
38:02:784,152
38:02:805,152
38:02:825,152
38:02:846,152
38:02:866,152
38:02:887,153
38:02:907,152
38:02:927,261
38:02:948,152
38:02:968,152
38:02:989,152
38:03:009,152
38:03:030,152
38:03:051,152
38:03:071,152
38:03:092,152
38:03:112,153
38:03:132,152
38:03:153,153
38:03:174,153
38:03:194,153
38:03:214,152
38:03:234,152
38:03:256,152
38:03:276,152
38:03:296,152
38:03:317,153
38:03:337,152
38:03:358,152
38:03:378,152
38:03:399,152
38:03:419,152
38:03:440,152
38:03:460,152
38:03:480,152
38:03:501,152
38:03:521,152
38:03:542,152
38:03:562,152
38:03:582,153
38:03:603,153
38:03:624,153
38:03:645,153
38:03:665,152
38:03:681,152
38:03:705,248
38:03:722,153
38:03:743,152
38:03:763,153
38:03:783,152
38:03:804,152
38:03:825,153
38:03:845,152
38:03:866,153
38:03:886,153
38:03:906,153
38:03:927,152
38:03:947,153
38:03:968,153
38:03:989,153
38:04:009,153
38:04:030,153
38:04:050,153
38:04:070,153
38:04:090,153
38:04:111,153
38:04:131,153
38:04:152,152
38:04:173,152
38:04:194,153
38:04:214,152
38:04:234,153
38:04:254,153
38:04:275,153
38:04:296,153
38:04:316,152
38:04:337,153
38:04:357,153
38:04:377,153
38:04:398,153
38:04:418,153
38:04:439,153
38:04:459,153
38:04:480,153
38:04:500,153
38:04:521,153
38:04:541,153
38:04:562,153
38:04:582,153
38:04:602,153
38:04:624,153
38:04:644,153
38:04:665,153
38:04:685,153
38:04:705,153
38:04:726,153
38:04:746,153
38:04:767,153
38:04:787,153
38:04:808,153
38:04:824,153
38:04:845,153
38:04:865,153
38:04:886,153
38:04:906,153
38:04:926,153
38:04:947,153
38:04:967,153
38:04:987,153
38:05:008,153
38:05:028,152
38:05:049,152
38:05:070,153
38:05:090,153
38:05:111,153
38:05:132,152
38:05:152,153
38:05:172,152
38:05:192,153
38:05:213,152
38:05:233,152
38:05:254,152
38:05:274,152
38:05:295,152
38:05:315,152
38:05:335,152
38:05:357,152
38:05:377,152
38:05:397,152
38:05:418,152
38:05:439,152
38:05:459,152
38:05:480,152
38:05:500,152
38:05:520,151
38:05:540,152
38:05:561,151
38:05:582,152
38:05:602,152
38:05:623,152
38:05:643,151
38:05:663,152
38:05:684,151
38:05:705,151
38:05:725,151
38:05:746,151
38:05:766,151
38:05:787,151
38:05:806,151
38:05:827,151
38:05:847,151
38:05:869,151
38:05:889,151
38:05:909,151
38:05:930,151
38:05:951,151
38:05:971,151
38:05:991,151
38:06:011,151
38:06:033,151
38:06:052,151
38:06:073,151
38:06:094,151
38:06:114,151
38:06:131,150
38:06:151,151
38:06:172,151
38:06:191,150
38:06:212,151
38:06:233,151
38:06:253,150
38:06:274,151
38:06:295,150
38:06:315,150
38:06:335,151
38:06:355,151
38:06:376,151
38:06:397,151
38:06:417,151
38:06:438,151
38:06:458,151
38:06:478,151
38:06:499,150
38:06:519,150
38:06:540,150
38:06:560,150
38:06:581,150
38:06:602,150
38:06:622,150
38:06:642,150
38:06:663,151
38:06:683,151
38:06:704,150
38:06:724,151
38:06:745,151
38:06:765,150
38:06:785,151
38:06:806,150
38:06:827,150
38:06:848,151
38:06:867,150
38:06:888,151
38:06:909,150
38:06:929,151
38:06:949,151
38:06:970,151
38:06:990,151
38:07:011,151
38:07:031,151
38:07:052,151
38:07:073,151
38:07:093,151
38:07:113,151
38:07:133,151
38:07:154,151
38:07:175,151
38:07:195,151
38:07:216,151
38:07:236,151
38:07:257,151
38:07:277,151
38:07:298,151
38:07:318,273
38:07:338,152
38:07:359,151
38:07:380,151
38:07:401,151
38:07:421,151
38:07:441,151
38:07:461,151
38:07:482,151
38:07:503,151
38:07:523,151
38:07:543,151
38:07:564,151
38:07:585,151
38:07:605,151
38:07:625,151
38:07:642,151
38:07:662,151
38:07:683,151
38:07:704,151
38:07:724,151
38:07:744,151
38:07:765,152
38:07:785,151
38:07:805,151
38:07:827,152
38:07:847,151
38:07:867,152
38:07:888,151
38:07:908,151
38:07:928,151
38:07:948,151
38:07:970,151
38:07:990,151
38:08:010,151
38:08:031,151
38:08:052,152
38:08:072,152
38:08:093,152
38:08:113,151
38:08:134,151
38:08:154,151
38:08:175,151
38:08:195,151
38:08:215,151
38:08:236,151
38:08:256,151
38:08:276,151
38:08:298,151
38:08:317,151
38:08:338,151
38:08:358,151
38:08:379,151
38:08:400,151
38:08:420,151
38:08:441,151
38:08:461,151
38:08:482,151
38:08:502,151
38:08:523,151
38:08:543,151
38:08:563,151
38:08:584,151
38:08:604,151
38:08:625,151
38:08:646,151
38:08:666,151
38:08:686,151
38:08:706,151
38:08:727,151
38:08:747,151
38:08:768,151
38:08:789,151
38:08:810,151
38:08:830,151
38:08:851,151
38:08:870,151
38:08:891,151
38:08:912,151
38:08:932,151
38:08:952,151
38:08:973,151
38:08:994,151
38:09:013,151
38:09:030,151
38:09:051,151
38:09:072,151
38:09:092,151
38:09:113,151
38:09:133,151
38:09:153,151
38:09:174,151
38:09:194,151
38:09:215,151
38:09:235,151
38:09:256,152
38:09:276,151
38:09:296,151
38:09:317,151
38:09:337,151
38:09:358,151
38:09:379,151
38:09:399,151
38:09:419,151
38:09:440,151
38:09:461,151
38:09:481,151
38:09:501,151
38:09:521,151
38:09:542,151
38:09:563,151
38:09:583,151
38:09:604,152
38:09:624,152
38:09:645,151
38:09:665,151
38:09:686,151
38:09:707,152
38:09:727,151
38:09:747,151
38:09:767,152
38:09:788,151
38:09:808,151
38:09:829,151
38:09:850,151
38:09:870,151
38:09:890,151
38:09:911,151
38:09:931,151
38:09:952,151
38:09:972,151
38:09:993,151
38:10:013,151
38:10:034,151
38:10:054,151
38:10:075,151
38:10:095,152
38:10:116,151
38:10:137,152
38:10:157,151
38:10:177,152
38:10:197,151
38:10:218,151
38:10:239,151
38:10:259,151
38:10:280,151
38:10:300,152
38:10:320,152
38:10:341,152
38:10:362,152
38:10:377,152
38:10:398,152
38:10:418,152
38:10:439,152
38:10:460,152
38:10:480,151
38:10:500,151
38:10:521,152
38:10:541,151
38:10:562,151
38:10:582,151
38:10:603,151
38:10:623,151
38:10:644,151
38:10:664,151
38:10:685,151
38:10:706,152
38:10:726,151
38:10:747,151
38:10:767,151
38:10:788,151
38:10:808,151
38:10:829,151
38:10:849,151
38:10:869,151
38:10:890,151
38:10:911,151
38:10:931,151
38:10:951,151
38:10:972,152
38:10:992,151
38:11:013,151
38:11:033,151
38:11:054,151
38:11:074,151
38:11:094,151
38:11:115,151
38:11:136,151
38:11:156,151
38:11:176,152
38:11:197,152
38:11:217,151
38:11:238,152
38:11:259,152
38:11:279,152
38:11:299,152
38:11:320,152
38:11:340,151
38:11:361,151
38:11:382,152
38:11:401,152
38:11:422,152
38:11:443,151
38:11:463,152
38:11:484,152
38:11:504,152
38:11:524,151
38:11:545,152
38:11:565,152
38:11:586,152
38:11:607,152
38:11:627,151
38:11:648,152
38:11:668,152
38:11:689,151
38:11:709,152
38:11:726,152
38:11:746,152
38:11:766,152
38:11:787,152
38:11:808,152
38:11:828,152
38:11:848,151
38:11:869,152
38:11:889,152
38:11:910,152
38:11:930,152
38:11:950,152
38:11:971,152
38:11:992,152
38:12:012,151
38:12:033,152
38:12:052,458
38:12:073,152
38:12:094,152
38:12:114,152
38:12:135,152
38:12:156,152
38:12:176,152
38:12:196,152
38:12:217,152
38:12:237,151
38:12:258,152
38:12:278,152
38:12:299,152
38:12:319,152
38:12:340,152
38:12:360,152
38:12:381,152
38:12:402,152
38:12:422,152
38:12:442,152
38:12:462,152
38:12:483,152
38:12:503,152
38:12:524,152
38:12:544,152
38:12:565,152
38:12:585,152
38:12:606,152
38:12:626,152
38:12:646,152
38:12:668,152
38:12:688,152
38:12:709,152
38:12:728,152
38:12:750,152
38:12:770,152
38:12:791,152
38:12:811,152
38:12:832,152
38:12:851,152
38:12:872,152
38:12:892,152
38:12:913,153
38:12:934,153
38:12:954,153
38:12:974,153
38:12:995,152
38:13:015,153
38:13:036,152
38:13:057,152
38:13:076,152
38:13:097,152
38:13:118,152
38:13:138,152
38:13:155,153
38:13:176,152
38:13:195,152
38:13:216,152
38:13:237,152
38:13:257,152
38:13:278,152
38:13:298,152
38:13:319,152
38:13:340,152
38:13:360,152
38:13:380,152
38:13:400,152
38:13:421,153
38:13:441,152
38:13:462,153
38:13:483,152
38:13:503,152
38:13:524,153
38:13:544,152
38:13:564,153
38:13:584,153
38:13:605,262
38:13:626,152
38:13:646,153
38:13:666,152
38:13:687,153
38:13:708,153
38:13:728,153
38:13:749,153
38:13:769,153
38:13:790,153
38:13:810,153
38:13:831,153
38:13:851,153
38:13:872,153
38:13:892,153
38:13:913,153
38:13:933,152
38:13:953,153
38:13:974,153
38:13:994,153
38:14:014,152
38:14:035,152
38:14:056,152
38:14:076,153
38:14:097,153
38:14:117,153
38:14:138,153
38:14:158,153
38:14:179,153
38:14:199,152
38:14:219,153
38:14:240,153
38:14:261,153
38:14:281,152
38:14:302,153
38:14:322,153
38:14:342,153
38:14:363,153
38:14:384,153
38:14:404,153
38:14:424,153
38:14:445,153
38:14:465,153
38:14:486,153
38:14:507,153
38:14:527,153
38:14:547,153
38:14:564,153
38:14:584,153
38:14:605,153
38:14:625,153
38:14:646,154
38:14:666,154
38:14:687,153
38:14:708,154
38:14:728,153
38:14:748,153
38:14:769,154
38:14:789,153
38:14:810,153
38:14:829,152
38:14:850,153
38:14:871,154
38:14:891,153
38:14:912,153
38:14:933,153
38:14:953,153
38:14:973,154
38:14:994,153
38:15:014,153
38:15:035,153
38:15:056,153
38:15:076,153
38:15:096,153
38:15:117,153
38:15:137,153
38:15:158,153
38:15:179,153
38:15:199,153
38:15:219,153
38:15:240,153
38:15:260,153
38:15:281,153
38:15:300,153
38:15:322,153
38:15:342,153
38:15:363,153
38:15:382,153
38:15:403,153
38:15:423,153
38:15:444,154
38:15:465,154
38:15:485,154
38:15:505,154
38:15:526,154
38:15:547,153
38:15:567,154
38:15:587,153
38:15:608,154
38:15:628,153
38:15:649,153
38:15:669,153
38:15:690,153
38:15:710,154
38:15:731,153
38:15:752,153
38:15:772,153
38:15:793,154
38:15:813,154
38:15:833,154
38:15:854,153
38:15:874,153
38:15:895,153
38:15:916,153
38:15:936,154
38:15:952,153
38:15:972,153
38:15:994,153
38:16:014,153
38:16:034,153
38:16:054,154
38:16:075,153
38:16:095,153
38:16:116,154
38:16:137,153
38:16:157,154
38:16:178,153
38:16:198,153
38:16:218,153
38:16:239,154
38:16:259,154
38:16:280,153
38:16:300,154
38:16:320,154
38:16:341,154
38:16:362,153
38:16:383,154
38:16:403,154
38:16:424,154
38:16:444,154
38:16:464,154
38:16:485,154
38:16:505,154
38:16:525,154
38:16:546,154
38:16:566,153
38:16:587,153
38:16:607,153
38:16:628,153
38:16:649,154
38:16:669,154
38:16:689,154
38:16:710,153
38:16:731,154
38:16:750,154
38:16:771,154
38:16:792,154
38:16:813,154
38:16:833,154
38:16:853,154
38:16:874,154
38:16:894,153
38:16:914,154
38:16:936,154
38:16:955,154
38:16:976,154
38:16:997,153
38:17:017,154
38:17:037,153
38:17:058,154
38:17:079,154
38:17:100,154
38:17:119,154
38:17:140,154
38:17:161,154
38:17:180,154
38:17:202,154
38:17:221,154
38:17:242,154
38:17:258,154
38:17:279,154
38:17:300,154
38:17:320,154
38:17:340,155
38:17:361,153
38:17:381,154
38:17:402,154
38:17:423,154
38:17:443,154
38:17:463,154
38:17:484,154
38:17:504,154
38:17:525,154
38:17:545,155
38:17:566,154
38:17:586,154
38:17:607,154
38:17:627,154
38:17:648,154
38:17:668,154
38:17:689,154
38:17:710,154
38:17:730,154
38:17:750,154
38:17:771,154
38:17:791,154
38:17:812,153
38:17:832,154
38:17:853,154
38:17:873,153
38:17:893,154
38:17:914,154
38:17:934,154
38:17:955,154
38:17:975,154
38:17:996,154
38:18:016,154
38:18:037,154
38:18:058,154
38:18:077,154
38:18:098,154
38:18:119,154
38:18:139,153
38:18:160,154
38:18:180,154
38:18:201,154
38:18:221,154
38:18:242,198
38:18:262,153
38:18:283,153
38:18:303,153
38:18:324,153
38:18:344,154
38:18:364,153
38:18:385,154
38:18:405,153
38:18:426,153
38:18:446,153
38:18:467,152
38:18:487,153
38:18:508,153
38:18:528,153
38:18:549,152
38:18:570,152
38:18:590,152
38:18:611,153
38:18:631,152
38:18:651,152
38:18:672,152
38:18:693,152
38:18:712,152
38:18:733,152
38:18:754,152
38:18:771,152
38:18:790,152
38:18:811,557
38:18:832,152
38:18:852,152
38:18:872,152
38:18:892,152
38:18:913,152
38:18:934,152
38:18:954,151
38:18:975,151
38:18:996,152
38:19:016,151
38:19:036,151
38:19:057,151
38:19:077,151
38:19:097,151
38:19:118,151
38:19:139,151
38:19:160,151
38:19:179,151
38:19:200,152
38:19:221,151
38:19:242,151
38:19:262,151
38:19:282,151
38:19:303,151
38:19:323,151
38:19:344,151
38:19:364,151
38:19:384,151
38:19:405,151
38:19:426,151
38:19:446,151
38:19:466,151
38:19:487,151
38:19:507,151
38:19:527,152
38:19:548,151
38:19:568,151
38:19:590,151
38:19:610,151
38:19:631,151
38:19:651,151
38:19:671,151
38:19:691,151
38:19:713,151
38:19:733,151
38:19:753,151
38:19:773,151
38:19:794,151
38:19:815,151
38:19:835,151
38:19:855,151
38:19:876,151
38:19:896,151
38:19:917,151
38:19:937,151
38:19:958,151
38:19:979,151
38:19:999,151
38:20:019,151
38:20:040,151
38:20:060,151
38:20:080,151
38:20:102,151
38:20:121,151
38:20:142,151
38:20:162,151
38:20:183,151
38:20:204,151
38:20:224,151
38:20:244,151
38:20:265,151
38:20:282,151
38:20:302,151
38:20:323,151
38:20:343,151
38:20:363,151
38:20:384,152
38:20:404,152
38:20:425,152
38:20:445,152
38:20:465,151
38:20:486,152
38:20:507,152
38:20:527,151
38:20:547,151
38:20:568,151
38:20:588,152
38:20:609,151
38:20:630,151
38:20:650,151
38:20:671,151
38:20:691,151
38:20:711,151
38:20:732,151
38:20:753,151
38:20:773,151
38:20:793,151
38:20:814,151
38:20:834,151
38:20:855,151
38:20:875,151
38:20:896,152
38:20:917,152
38:20:936,151
38:20:957,152
38:20:977,151
38:20:998,151
38:21:019,151
38:21:039,151
38:21:060,152
38:21:080,151
38:21:101,151
38:21:121,151
38:21:141,255
38:21:162,151
38:21:182,151
38:21:203,151
38:21:224,151
38:21:244,151
38:21:265,151
38:21:285,152
38:21:306,151
38:21:326,152
38:21:346,152
38:21:367,152
38:21:387,152
38:21:407,152
38:21:428,152
38:21:449,151
38:21:469,151
38:21:490,151
38:21:506,151
38:21:531,151
38:21:547,151
38:21:567,151
38:21:588,151
38:21:608,151
38:21:629,151
38:21:649,151
38:21:670,151
38:21:690,151
38:21:711,151
38:21:732,152
38:21:752,151
38:21:772,151
38:21:793,151
38:21:814,151
38:21:834,151
38:21:854,151
38:21:875,151
38:21:895,151
38:21:915,151
38:21:936,151
38:21:957,151
38:21:977,151
38:21:998,257
38:22:018,152
38:22:038,151
38:22:059,152
38:22:079,152
38:22:100,151
38:22:121,152
38:22:141,152
38:22:161,152
38:22:182,151
38:22:202,152
38:22:223,152
38:22:243,152
38:22:264,152
38:22:284,152
38:22:304,152
38:22:325,153
38:22:346,152
38:22:366,152
38:22:387,152
38:22:407,152
38:22:428,152
38:22:448,151
38:22:468,152
38:22:489,152
38:22:510,152
38:22:530,152
38:22:551,151
38:22:571,151
38:22:592,152
38:22:612,152
38:22:632,152
38:22:652,152
38:22:674,152
38:22:694,152
38:22:714,152
38:22:734,152
38:22:755,152
38:22:776,152
38:22:796,152
38:22:817,152
38:22:837,152
38:22:858,152
38:22:878,152
38:22:899,152
38:22:919,152
38:22:940,152
38:22:960,152
38:22:981,152
38:23:001,152
38:23:017,152
38:23:038,152
38:23:058,152
38:23:079,152
38:23:099,151
38:23:119,152
38:23:140,152
38:23:161,152
38:23:181,152
38:23:202,151
38:23:222,151
38:23:243,151
38:23:263,151
38:23:284,151
38:23:304,151
38:23:325,151
38:23:345,150
38:23:366,150
38:23:386,150
38:23:406,151
38:23:427,150
38:23:447,149
38:23:468,150
38:23:488,150
38:23:509,149
38:23:530,149
38:23:550,149
38:23:570,149
38:23:591,149
38:23:611,149
38:23:632,149
38:23:652,148
38:23:673,148
38:23:694,148
38:23:714,148
38:23:734,148
38:23:755,148
38:23:775,148
38:23:796,148
38:23:816,148
38:23:837,148
38:23:857,147
38:23:877,147
38:23:898,147
38:23:918,147
38:23:939,147
38:23:960,147
38:23:980,147
38:24:000,146
38:24:021,147
38:24:042,146
38:24:062,147
38:24:082,146
38:24:103,146
38:24:123,146
38:24:144,146
38:24:164,146
38:24:184,146
38:24:205,147
38:24:226,344
38:24:246,146
38:24:266,146
38:24:288,146
38:24:307,145
38:24:328,145
38:24:348,145
38:24:365,145
38:24:386,145
38:24:406,145
38:24:426,145
38:24:447,145
38:24:467,145
38:24:488,145
38:24:509,144
38:24:529,145
38:24:549,145
38:24:570,145
38:24:590,144
38:24:611,144
38:24:632,145
38:24:652,145
38:24:672,145
38:24:693,145
38:24:713,145
38:24:734,144
38:24:754,145
38:24:774,144
38:24:795,144
38:24:816,144
38:24:836,145
38:24:856,144
38:24:877,144
38:24:897,144
38:24:918,144
38:24:938,144
38:24:959,144
38:24:979,144
38:25:000,144
38:25:020,144
38:25:041,144
38:25:061,144
38:25:082,144
38:25:102,144
38:25:123,144
38:25:143,144
38:25:163,144
38:25:184,144
38:25:205,144
38:25:225,144
38:25:246,143
38:25:266,145
38:25:287,144
38:25:307,144
38:25:327,144
38:25:348,144
38:25:368,145
38:25:389,145
38:25:410,144
38:25:430,145
38:25:450,145
38:25:471,145
38:25:487,145
38:25:511,145
38:25:528,145
38:25:548,145
38:25:569,145
38:25:590,145
38:25:610,145
38:25:631,145
38:25:651,145
38:25:672,144
38:25:692,145
38:25:713,145
38:25:733,145
38:25:753,144
38:25:774,145
38:25:795,145
38:25:815,145
38:25:835,145
38:25:856,145
38:25:877,145
38:25:896,145
38:25:917,145
38:25:938,146
38:25:958,145
38:25:979,146
38:25:999,146
38:26:020,145
38:26:040,145
38:26:061,145
38:26:081,145
38:26:102,146
38:26:122,145
38:26:143,146
38:26:162,145
38:26:184,255
38:26:204,146
38:26:224,145
38:26:245,145
38:26:265,145
38:26:285,146
38:26:306,146
38:26:327,146
38:26:348,146
38:26:368,146
38:26:389,146
38:26:409,146
38:26:429,146
38:26:450,147
38:26:470,146
38:26:490,145
38:26:511,146
38:26:531,146
38:26:552,146
38:26:572,146
38:26:593,146
38:26:613,147
38:26:634,146
38:26:654,146
38:26:675,147
38:26:695,146
38:26:716,146
38:26:737,146
38:26:757,146
38:26:777,146
38:26:798,146
38:26:819,147
38:26:839,147
38:26:860,146
38:26:880,146
38:26:900,147
38:26:920,147
38:26:941,146
38:26:962,146
38:26:983,147
38:26:999,147
38:27:019,146
38:27:040,147
38:27:060,146
38:27:081,147
38:27:101,147
38:27:121,147
38:27:142,146
38:27:162,147
38:27:182,147
38:27:203,147
38:27:224,147
38:27:244,147
38:27:265,147
38:27:285,147
38:27:306,147
38:27:326,147
38:27:347,147
38:27:367,147
38:27:388,147
38:27:408,146
38:27:429,147
38:27:449,147
38:27:470,147
38:27:490,147
38:27:510,146
38:27:531,147
38:27:552,147
38:27:572,147
38:27:592,147
38:27:613,147
38:27:634,147
38:27:654,147
38:27:675,147
38:27:695,147
38:27:715,147
38:27:736,147
38:27:756,147
38:27:777,147
38:27:798,147
38:27:818,147
38:27:838,147
38:27:859,147
38:27:879,147
38:27:900,147
38:27:921,147
38:27:941,147
38:27:961,147
38:27:982,148
38:28:002,147
38:28:023,148
38:28:043,148
38:28:064,147
38:28:084,147
38:28:105,147
38:28:125,147
38:28:145,147
38:28:166,147
38:28:187,147
38:28:206,148
38:28:227,147
38:28:248,147
38:28:268,147
38:28:288,147
38:28:309,147
38:28:329,147
38:28:350,148
38:28:370,147
38:28:387,147
38:28:407,147
38:28:428,147
38:28:448,147
38:28:469,147
38:28:489,147
38:28:510,148
38:28:530,147
38:28:550,148
38:28:571,147
38:28:592,147
38:28:612,147
38:28:633,147
38:28:654,148
38:28:673,148
38:28:695,147
38:28:715,148
38:28:735,148
38:28:756,148
38:28:777,148
38:28:797,148
38:28:817,148
38:28:837,148
38:28:858,148
38:28:878,148
38:28:899,147
38:28:919,148
38:28:940,148
38:28:960,147
38:28:981,147
38:29:001,148
38:29:021,147
38:29:043,148
38:29:063,148
38:29:084,147
38:29:103,148
38:29:124,147
38:29:145,148
38:29:165,147
38:29:186,148
38:29:206,148
38:29:227,147
38:29:247,147
38:29:268,148
38:29:288,148
38:29:308,147
38:29:329,148
38:29:349,147
38:29:370,147
38:29:391,148
38:29:411,147
38:29:431,148
38:29:452,148
38:29:473,148
38:29:493,148
38:29:513,148
38:29:534,148
38:29:554,148
38:29:575,148
38:29:595,148
38:29:616,149
38:29:636,148
38:29:656,148
38:29:678,147
38:29:698,148
38:29:714,148
38:29:734,148
38:29:755,148
38:29:775,148
38:29:796,148
38:29:816,148
38:29:837,148
38:29:857,148
38:29:878,148
38:29:898,148
38:29:919,148
38:29:940,148
38:29:960,149
38:29:981,148
38:30:001,148
38:30:022,148
38:30:042,148
38:30:062,148
38:30:083,148
38:30:104,148
38:30:124,149
38:30:144,148
38:30:165,148
38:30:185,148
38:30:205,148
38:30:226,148
38:30:246,148
38:30:267,148
38:30:287,148
38:30:308,148
38:30:329,148
38:30:349,148
38:30:369,148
38:30:390,149
38:30:411,148
38:30:431,149
38:30:451,149
38:30:472,149
38:30:493,148
38:30:513,148
38:30:533,148
38:30:554,148
38:30:574,148
38:30:595,148
38:30:615,148
38:30:635,148
38:30:656,148
38:30:676,148
38:30:697,148
38:30:718,148
38:30:738,149
38:30:759,149
38:30:779,148
38:30:799,149
38:30:820,148
38:30:841,148
38:30:861,148
38:30:881,149
38:30:902,148
38:30:922,148
38:30:943,149
38:30:964,148
38:30:984,149
38:31:004,148
38:31:025,149
38:31:045,149
38:31:065,148
38:31:086,149
38:31:106,149
38:31:127,149
38:31:148,149
38:31:164,149
38:31:184,149
38:31:204,149
38:31:225,148
38:31:246,149
38:31:267,149
38:31:287,149
38:31:307,149
38:31:328,149
38:31:349,149
38:31:369,148
38:31:389,149
38:31:410,149
38:31:431,148
38:31:451,149
38:31:471,149
38:31:492,149
38:31:512,149
38:31:533,149
38:31:553,149
38:31:574,149
38:31:594,149
38:31:614,149
38:31:634,149
38:31:656,149
38:31:676,149
38:31:697,149
38:31:717,149
38:31:738,149
38:31:758,149
38:31:778,149
38:31:799,149
38:31:819,149
38:31:839,149
38:31:861,149
38:31:881,148
38:31:901,149
38:31:921,149
38:31:942,149
38:31:963,149
38:31:983,149
38:32:004,150
38:32:024,149
38:32:045,149
38:32:065,557
38:32:086,150
38:32:106,149
38:32:126,149
38:32:147,149
38:32:168,149
38:32:188,149
38:32:208,149
38:32:228,149
38:32:249,149
38:32:270,149
38:32:291,149
38:32:311,149
38:32:331,149
38:32:352,149
38:32:371,149
38:32:393,149
38:32:413,149
38:32:433,150
38:32:454,149
38:32:475,149
38:32:495,149
38:32:515,149
38:32:536,149
38:32:557,150
38:32:577,149
38:32:597,149
38:32:617,149
38:32:639,150
38:32:659,150
38:32:676,150
38:32:696,149
38:32:717,149
38:32:736,149
38:32:757,149
38:32:778,150
38:32:798,149
38:32:819,150
38:32:839,150
38:32:860,149
38:32:880,150
38:32:901,150
38:32:922,150
38:32:941,150
38:32:962,149
38:32:982,149
38:33:003,149
38:33:024,149
38:33:044,149
38:33:065,149
38:33:085,149
38:33:106,150
38:33:126,149
38:33:147,149
38:33:166,149
38:33:188,149
38:33:208,149
38:33:228,149
38:33:249,150
38:33:269,150
38:33:289,149
38:33:310,149
38:33:330,149
38:33:351,149
38:33:372,149
38:33:392,149
38:33:413,149
38:33:433,149
38:33:453,149
38:33:474,149
38:33:494,149
38:33:514,149
38:33:536,149
38:33:556,149
38:33:576,150
38:33:597,149
38:33:618,149
38:33:638,149
38:33:658,150
38:33:678,149
38:33:699,150
38:33:719,150
38:33:741,150
38:33:761,149
38:33:781,150
38:33:801,150
38:33:822,150
38:33:843,149
38:33:863,150
38:33:884,149
38:33:904,150
38:33:925,149
38:33:945,150
38:33:965,150
38:33:986,150
38:34:006,149
38:34:027,150
38:34:044,150
38:34:063,150
38:34:084,150
38:34:104,149
38:34:125,149
38:34:146,149
38:34:166,149
38:34:187,150
38:34:208,150
38:34:228,150
38:34:248,149
38:34:269,150
38:34:289,150
38:34:309,150
38:34:330,150
38:34:351,150
38:34:371,150
38:34:391,149
38:34:412,150
38:34:432,150
38:34:453,150
38:34:473,150
38:34:494,150
38:34:514,150
38:34:535,150
38:34:555,150
38:34:576,150
38:34:596,151
38:34:616,151
38:34:638,150
38:34:657,150
38:34:678,150
38:34:699,150
38:34:719,150
38:34:740,150
38:34:760,150
38:34:780,150
38:34:801,150
38:34:821,150
38:34:842,150
38:34:862,150
38:34:883,150
38:34:903,150
38:34:924,150
38:34:944,150
38:34:965,150
38:34:986,150
38:35:006,149
38:35:026,150
38:35:046,150
38:35:068,150
38:35:088,150
38:35:109,150
38:35:128,150
38:35:149,150
38:35:170,150
38:35:190,150
38:35:211,150
38:35:231,150
38:35:251,150
38:35:273,150
38:35:293,150
38:35:313,151
38:35:334,151
38:35:354,151
38:35:375,151
38:35:395,151
38:35:415,150
38:35:436,150
38:35:456,150
38:35:473,150
38:35:494,150
38:35:514,151
38:35:534,150
38:35:554,150
38:35:575,150
38:35:596,151
38:35:616,150
38:35:636,150
38:35:657,149
38:35:678,150
38:35:698,151
38:35:719,150
38:35:739,150
38:35:760,150
38:35:780,150
38:35:801,150
38:35:821,150
38:35:842,150
38:35:862,150
38:35:882,150
38:35:902,150
38:35:923,150
38:35:943,150
38:35:964,151
38:35:985,150
38:36:005,151
38:36:026,151
38:36:047,151
38:36:066,150
38:36:087,151
38:36:108,150
38:36:128,151
38:36:149,150
38:36:169,151
38:36:189,150
38:36:210,150
38:36:231,151
38:36:251,150
38:36:271,151
38:36:292,150
38:36:312,150
38:36:333,151
38:36:353,150
38:36:374,150
38:36:394,150
38:36:415,150
38:36:435,151
38:36:456,151
38:36:476,150
38:36:497,151
38:36:517,150
38:36:538,151
38:36:558,150
38:36:578,151
38:36:599,150
38:36:619,150
38:36:641,150
38:36:660,151
38:36:681,150
38:36:701,150
38:36:722,151
38:36:743,150
38:36:763,151
38:36:780,150
38:36:804,151
38:36:824,150
38:36:841,151
38:36:861,151
38:36:882,151
38:36:902,151
38:36:923,151
38:36:944,151
38:36:964,151
38:36:984,151
38:37:004,150
38:37:025,150
38:37:045,151
38:37:066,151
38:37:087,150
38:37:107,151
38:37:127,150
38:37:148,151
38:37:169,151
38:37:189,151
38:37:210,151
38:37:230,151
38:37:250,151
38:37:271,151
38:37:292,151
38:37:312,151
38:37:332,150
38:37:353,151
38:37:373,151
38:37:393,151
38:37:414,151
38:37:435,151
38:37:455,151
38:37:476,151
38:37:496,151
38:37:517,151
38:37:536,150
38:37:557,151
38:37:578,151
38:37:598,151
38:37:619,151
38:37:639,151
38:37:659,151
38:37:681,151
38:37:701,151
38:37:721,151
38:37:742,151
38:37:762,151
38:37:783,151
38:37:803,151
38:37:823,151
38:37:844,151
38:37:865,151
38:37:885,151
38:37:906,151
38:37:926,151
38:37:947,238
38:37:967,151
38:37:988,151
38:38:008,151
38:38:029,151
38:38:049,151
38:38:070,152
38:38:090,151
38:38:110,151
38:38:130,151
38:38:151,151
38:38:172,152
38:38:192,152
38:38:213,151
38:38:233,151
38:38:253,151
38:38:274,151
38:38:291,151
38:38:311,151
38:38:332,151
38:38:352,151
38:38:373,151
38:38:393,151
38:38:414,151
38:38:434,151
38:38:454,151
38:38:475,151
38:38:495,151
38:38:516,151
38:38:537,151
38:38:557,151
38:38:577,151
38:38:598,151
38:38:619,151
38:38:639,152
38:38:659,151
38:38:680,151
38:38:700,151
38:38:721,151
38:38:741,151
38:38:762,151
38:38:783,151
38:38:803,151
38:38:823,151
38:38:844,151
38:38:864,151
38:38:885,152
38:38:905,151
38:38:926,151
38:38:946,151
38:38:966,151
38:38:987,151
38:39:007,151
38:39:027,151
38:39:048,151
38:39:069,152
38:39:089,151
38:39:109,151
38:39:130,151
38:39:151,152
38:39:172,151
38:39:192,152
38:39:212,152
38:39:233,151
38:39:253,152
38:39:274,151
38:39:294,151
38:39:314,152
38:39:336,152
38:39:355,152
38:39:376,152
38:39:396,151
38:39:417,152
38:39:438,152
38:39:458,151
38:39:479,152
38:39:499,151
38:39:520,151
38:39:540,151
38:39:560,151
38:39:580,151
38:39:601,151
38:39:622,151
38:39:642,151
38:39:662,151
38:39:683,151
38:39:704,151
38:39:724,152
38:39:745,152
38:39:765,152
38:39:785,152
38:39:806,152
38:39:827,152
38:39:843,152
38:39:864,152
38:39:884,152
38:39:904,152
38:39:924,152
38:39:945,152
38:39:966,152
38:39:986,152
38:40:006,152
38:40:027,152
38:40:048,152
38:40:068,152
38:40:089,152
38:40:109,152
38:40:130,152
38:40:150,152
38:40:171,152
38:40:191,151
38:40:212,152
38:40:232,152
38:40:252,151
38:40:273,152
38:40:294,152
38:40:314,152
38:40:334,152
38:40:355,152
38:40:375,152
38:40:396,152
38:40:416,151
38:40:437,151
38:40:457,152
38:40:478,152
38:40:498,152
38:40:519,152
38:40:540,152
38:40:560,152
38:40:581,152
38:40:601,152
38:40:622,152
38:40:642,151
38:40:662,152
38:40:682,152
38:40:703,152
38:40:724,152
38:40:744,152
38:40:765,153
38:40:785,152
38:40:806,152
38:40:826,152
38:40:846,152
38:40:867,152
38:40:887,152
38:40:908,152
38:40:928,152
38:40:949,152
38:40:970,151
38:40:989,152
38:41:010,152
38:41:030,152
38:41:051,152
38:41:071,152
38:41:092,152
38:41:113,152
38:41:133,152
38:41:154,152
38:41:174,152
38:41:195,152
38:41:215,153
38:41:236,152
38:41:256,152
38:41:272,152
38:41:297,152
38:41:314,152
38:41:334,152
38:41:354,152
38:41:375,152
38:41:396,152
38:41:416,152
38:41:436,152
38:41:457,152
38:41:477,152
38:41:497,153
38:41:518,152
38:41:539,152
38:41:559,152
38:41:580,152
38:41:600,152
38:41:621,152
38:41:641,152
38:41:662,152
38:41:682,152
38:41:703,152
38:41:723,151
38:41:744,152
38:41:764,152
38:41:784,151
38:41:804,152
38:41:826,152
38:41:845,152
38:41:867,151
38:41:887,151
38:41:908,152
38:41:928,152
38:41:949,152
38:41:968,152
38:41:990,152
38:42:010,152
38:42:030,152
38:42:050,152
38:42:071,152
38:42:092,152
38:42:112,151
38:42:132,152
38:42:153,152
38:42:173,152
38:42:194,152
38:42:214,152
38:42:235,152
38:42:255,152
38:42:276,152
38:42:296,152
38:42:317,152
38:42:337,152
38:42:358,152
38:42:379,152
38:42:399,152
38:42:419,152
38:42:440,152
38:42:460,152
38:42:480,153
38:42:501,152
38:42:522,151
38:42:542,152
38:42:563,152
38:42:583,152
38:42:604,152
38:42:624,152
38:42:644,152
38:42:665,152
38:42:686,152
38:42:705,152
38:42:726,152
38:42:746,152
38:42:767,152
38:42:788,152
38:42:809,152
38:42:829,152
38:42:845,152
38:42:866,152
38:42:886,152
38:42:907,152
38:42:927,152
38:42:948,152
38:42:968,152
38:42:989,153
38:43:009,153
38:43:030,152
38:43:050,153
38:43:071,152
38:43:091,152
38:43:111,152
38:43:132,152
38:43:152,153
38:43:173,152
38:43:193,152
38:43:214,152
38:43:234,152
38:43:255,152
38:43:276,152
38:43:296,152
38:43:317,152
38:43:337,152
38:43:358,152
38:43:378,152
38:43:398,152
38:43:419,152
38:43:439,153
38:43:459,152
38:43:480,152
38:43:501,152
38:43:521,152
38:43:541,152
38:43:562,152
38:43:582,236
38:43:603,152
38:43:623,152
38:43:644,152
38:43:664,152
38:43:685,152
38:43:706,152
38:43:726,152
38:43:746,152
38:43:767,152
38:43:787,152
38:43:807,152
38:43:828,153
38:43:849,152
38:43:869,152
38:43:889,152
38:43:910,152
38:43:931,153
38:43:951,152
38:43:972,153
38:43:992,153
38:44:012,152
38:44:033,152
38:44:054,152
38:44:074,153
38:44:094,152
38:44:115,152
38:44:135,152
38:44:156,152
38:44:177,152
38:44:197,152
38:44:217,152
38:44:238,152
38:44:254,152
38:44:278,152
38:44:295,153
38:44:316,152
38:44:336,152
38:44:357,152
38:44:377,152
38:44:398,153
38:44:418,152
38:44:438,152
38:44:459,152
38:44:479,152
38:44:500,152
38:44:520,152
38:44:541,152
38:44:561,152
38:44:582,152
38:44:602,153
38:44:623,152
38:44:643,152
38:44:664,153
38:44:684,152
38:44:705,153
38:44:725,153
38:44:746,152
38:44:766,153
38:44:787,152
38:44:807,152
38:44:827,153
38:44:848,153
38:44:869,152
38:44:889,153
38:44:910,153
38:44:930,152
38:44:950,153
38:44:971,152
38:44:991,153
38:45:012,152
38:45:032,152
38:45:053,152
38:45:073,153
38:45:094,152
38:45:115,152
38:45:135,152
38:45:155,152
38:45:176,152
38:45:196,152
38:45:216,152
38:45:237,152
38:45:257,152
38:45:278,153
38:45:299,152
38:45:319,152
38:45:340,152
38:45:360,153
38:45:380,152
38:45:401,152
38:45:422,153
38:45:442,152
38:45:463,152
38:45:483,152
38:45:504,346
38:45:523,153
38:45:544,153
38:45:565,153
38:45:586,153
38:45:606,153
38:45:626,153
38:45:647,153
38:45:667,153
38:45:687,153
38:45:708,153
38:45:729,153
38:45:749,153
38:45:770,152
38:45:790,152
38:45:810,152
38:45:827,153
38:45:847,152
38:45:868,152
38:45:888,152
38:45:909,153
38:45:930,153
38:45:950,153
38:45:970,152
38:45:991,152
38:46:011,153
38:46:032,152
38:46:052,152
38:46:073,152
38:46:093,153
38:46:113,152
38:46:134,152
38:46:155,153
38:46:175,152
38:46:195,152
38:46:216,152
38:46:236,152
38:46:256,153
38:46:278,152
38:46:298,153
38:46:318,153
38:46:339,153
38:46:359,153
38:46:380,153
38:46:401,153
38:46:421,153
38:46:441,153
38:46:462,153
38:46:483,153
38:46:502,152
38:46:523,152
38:46:543,152
38:46:564,152
38:46:585,152
38:46:605,152
38:46:626,152
38:46:646,152
38:46:666,151
38:46:687,152
38:46:708,151
38:46:728,151
38:46:748,151
38:46:769,150
38:46:790,150
38:46:809,150
38:46:831,149
38:46:850,150
38:46:872,150
38:46:892,149
38:46:912,149
38:46:933,148
38:46:953,149
38:46:973,148
38:46:994,148
38:47:015,148
38:47:035,147
38:47:056,147
38:47:077,147
38:47:097,146
38:47:117,146
38:47:138,146
38:47:158,146
38:47:178,146
38:47:199,145
38:47:216,145
38:47:236,144
38:47:256,144
38:47:277,143
38:47:297,143
38:47:318,142
38:47:339,142
38:47:359,142
38:47:380,141
38:47:400,141
38:47:420,141
38:47:440,140
38:47:461,141
38:47:482,140
38:47:502,139
38:47:523,139
38:47:543,139
38:47:564,138
38:47:584,138
38:47:604,138
38:47:625,137
38:47:645,137
38:47:666,136
38:47:686,136
38:47:707,136
38:47:728,136
38:47:748,135
38:47:769,134
38:47:788,135
38:47:810,134
38:47:830,134
38:47:850,134
38:47:871,133
38:47:891,133
38:47:912,133
38:47:933,132
38:47:952,133
38:47:973,132
38:47:994,132
38:48:014,450
38:48:035,131
38:48:055,131
38:48:076,130
38:48:096,130
38:48:117,130
38:48:137,130
38:48:158,130
38:48:178,130
38:48:198,129
38:48:218,129
38:48:240,129
38:48:260,128
38:48:280,128
38:48:301,128
38:48:321,127
38:48:342,127
38:48:362,127
38:48:383,127
38:48:403,126
38:48:424,126
38:48:444,126
38:48:465,126
38:48:485,126
38:48:506,125
38:48:526,125
38:48:546,124
38:48:567,124
38:48:588,124
38:48:608,123
38:48:629,123
38:48:645,123
38:48:665,122
38:48:686,122
38:48:706,122
38:48:727,122
38:48:747,122
38:48:768,121
38:48:788,122
38:48:808,121
38:48:829,120
38:48:850,120
38:48:870,120
38:48:890,119
38:48:911,119
38:48:932,119
38:48:952,119
38:48:973,118
38:48:993,118
38:49:014,118
38:49:034,118
38:49:054,118
38:49:074,118
38:49:095,117
38:49:115,117
38:49:136,117
38:49:157,116
38:49:177,116
38:49:197,116
38:49:219,116
38:49:239,116
38:49:259,115
38:49:280,115
38:49:300,115
38:49:321,115
38:49:341,115
38:49:362,115
38:49:382,114
38:49:403,114
38:49:423,114
38:49:443,113
38:49:464,113
38:49:484,113
38:49:505,113
38:49:525,113
38:49:546,112
38:49:566,113
38:49:587,112
38:49:607,113
38:49:628,112
38:49:648,112
38:49:668,111
38:49:689,111
38:49:709,111
38:49:730,111
38:49:751,111
38:49:771,110
38:49:791,110
38:49:812,111
38:49:833,110
38:49:853,110
38:49:873,110
38:49:894,110
38:49:915,110
38:49:935,315
38:49:955,110
38:49:976,110
38:49:996,109
38:50:017,110
38:50:037,109
38:50:058,109
38:50:079,109
38:50:095,109
38:50:115,109
38:50:136,109
38:50:156,109
38:50:177,109
38:50:197,109
38:50:217,109
38:50:238,109
38:50:259,109
38:50:279,109
38:50:300,109
38:50:320,108
38:50:340,109
38:50:361,108
38:50:382,109
38:50:402,108
38:50:422,108
38:50:443,109
38:50:463,109
38:50:484,108
38:50:504,109
38:50:525,109
38:50:546,108
38:50:566,107
38:50:586,108
38:50:607,108
38:50:627,108
38:50:648,108
38:50:668,107
38:50:688,107
38:50:709,106
38:50:730,107
38:50:750,107
38:50:770,106
38:50:791,107
38:50:812,106
38:50:832,107
38:50:853,106
38:50:873,106
38:50:894,106
38:50:914,105
38:50:935,106
38:50:955,106
38:50:976,105
38:50:996,106
38:51:016,106
38:51:036,105
38:51:058,106
38:51:077,106
38:51:099,105
38:51:118,105
38:51:139,105
38:51:160,106
38:51:180,105
38:51:200,105
38:51:221,105
38:51:241,105
38:51:262,105
38:51:283,104
38:51:302,105
38:51:323,105
38:51:344,105
38:51:364,105
38:51:384,105
38:51:406,105
38:51:426,105
38:51:446,105
38:51:467,105
38:51:488,104
38:51:508,104
38:51:528,105
38:51:549,105
38:51:569,104
38:51:585,105
38:51:606,104
38:51:627,104
38:51:647,104
38:51:668,104
38:51:688,105
38:51:709,104
38:51:729,105
38:51:750,104
38:51:770,104
38:51:790,104
38:51:811,104
38:51:831,104
38:51:852,104
38:51:872,104
38:51:893,104
38:51:914,104
38:51:934,104
38:51:954,104
38:51:975,104
38:51:995,104
38:52:016,104
38:52:037,104
38:52:057,104
38:52:077,104
38:52:098,105
38:52:118,104
38:52:139,105
38:52:159,104
38:52:180,104
38:52:200,104
38:52:220,104
38:52:241,103
38:52:262,103
38:52:282,103
38:52:302,104
38:52:323,103
38:52:344,103
38:52:364,103
38:52:384,103
38:52:405,102
38:52:425,102
38:52:446,332
38:52:466,102
38:52:486,102
38:52:507,102
38:52:528,102
38:52:548,102
38:52:569,101
38:52:589,101
38:52:610,100
38:52:630,100
38:52:650,101
38:52:671,100
38:52:692,100
38:52:711,100
38:52:732,100
38:52:748,99
38:52:769,99
38:52:790,99
38:52:814,100
38:52:831,99
38:52:851,99
38:52:871,99
38:52:892,99
38:52:913,99
38:52:933,98
38:52:954,98
38:52:974,99
38:52:995,98
38:53:015,98
38:53:036,97
38:53:056,97
38:53:076,96
38:53:097,96
38:53:118,96
38:53:138,97
38:53:159,96
38:53:179,96
38:53:200,96
38:53:219,95
38:53:240,95
38:53:261,95
38:53:281,95
38:53:302,95
38:53:322,94
38:53:343,94
38:53:363,94
38:53:384,94
38:53:405,94
38:53:421,94
38:53:441,94
38:53:461,93
38:53:482,93
38:53:502,93
38:53:523,93
38:53:544,93
38:53:564,93
38:53:584,93
38:53:605,93
38:53:625,93
38:53:645,92
38:53:667,92
38:53:687,92
38:53:708,93
38:53:727,93
38:53:748,92
38:53:769,92
38:53:790,92
38:53:810,92
38:53:830,93
38:53:850,92
38:53:871,92
38:53:891,92
38:53:912,92
38:53:933,92
38:53:953,92
38:53:974,92
38:53:994,92
38:54:014,92
38:54:035,92
38:54:056,92
38:54:076,92
38:54:096,91
38:54:117,91
38:54:137,91
38:54:158,92
38:54:178,92
38:54:195,91
38:54:215,92
38:54:236,91
38:54:256,92
38:54:277,91
38:54:297,92
38:54:318,92
38:54:338,92
38:54:359,92
38:54:379,91
38:54:399,91
38:54:419,92
38:54:440,92
38:54:461,91
38:54:481,92
38:54:501,92
38:54:522,92
38:54:543,92
38:54:563,92
38:54:584,92
38:54:604,92
38:54:625,92
38:54:645,92
38:54:666,92
38:54:686,92
38:54:706,92
38:54:727,92
38:54:748,92
38:54:768,92
38:54:789,92
38:54:809,92
38:54:829,92
38:54:850,92
38:54:870,92
38:54:891,92
38:54:911,93
38:54:932,93
38:54:952,93
38:54:969,93
38:54:990,92
38:55:009,93
38:55:030,93
38:55:050,93
38:55:071,93
38:55:091,93
38:55:112,93
38:55:133,93
38:55:153,94
38:55:174,93
38:55:194,93
38:55:214,93
38:55:235,93
38:55:255,93
38:55:276,93
38:55:297,93
38:55:317,93
38:55:338,94
38:55:358,93
38:55:378,93
38:55:399,94
38:55:419,94
38:55:440,93
38:55:460,94
38:55:481,93
38:55:501,93
38:55:522,93
38:55:542,93
38:55:563,93
38:55:583,93
38:55:604,93
38:55:624,93
38:55:645,92
38:55:665,92
38:55:685,92
38:55:702,92
38:55:723,92
38:55:743,92
38:55:763,92
38:55:784,92
38:55:804,92
38:55:825,92
38:55:845,92
38:55:865,91
38:55:886,91
38:55:906,92
38:55:927,91
38:55:948,91
38:55:968,91
38:55:989,91
38:56:009,91
38:56:029,91
38:56:050,90
38:56:071,90
38:56:090,91
38:56:111,91
38:56:132,91
38:56:153,91
38:56:173,90
38:56:193,90
38:56:213,90
38:56:235,90
38:56:255,90
38:56:276,90
38:56:296,90
38:56:316,90
38:56:337,90
38:56:357,90
38:56:378,89
38:56:398,90
38:56:419,90
38:56:439,90
38:56:459,90
38:56:476,90
38:56:497,89
38:56:517,90
38:56:537,90
38:56:558,90
38:56:578,90
38:56:598,90
38:56:619,89
38:56:640,90
38:56:661,89
38:56:681,89
38:56:702,89
38:56:722,89
38:56:742,90
38:56:763,90
38:56:783,90
38:56:804,90
38:56:824,90
38:56:844,90
38:56:865,89
38:56:885,89
38:56:906,90
38:56:927,90
38:56:946,90
38:56:967,90
38:56:988,90
38:57:009,91
38:57:029,90
38:57:049,90
38:57:070,90
38:57:091,90
38:57:111,90
38:57:132,91
38:57:152,90
38:57:173,90
38:57:192,90
38:57:214,90
38:57:229,90
38:57:250,90
38:57:271,90
38:57:291,90
38:57:312,90
38:57:332,91
38:57:352,90
38:57:373,90
38:57:394,90
38:57:414,90
38:57:435,91
38:57:455,91
38:57:476,90
38:57:496,91
38:57:517,91
38:57:537,91
38:57:558,91
38:57:577,91
38:57:598,91
38:57:618,91
38:57:639,91
38:57:660,91
38:57:680,91
38:57:701,91
38:57:720,91
38:57:741,91
38:57:762,90
38:57:782,90
38:57:803,91
38:57:823,91
38:57:844,91
38:57:864,91
38:57:885,90
38:57:905,91
38:57:926,91
38:57:946,90
38:57:967,90
38:57:984,90
38:58:003,91
38:58:024,90
38:58:045,90
38:58:066,90
38:58:086,89
38:58:106,89
38:58:127,90
38:58:148,90
38:58:168,89
38:58:188,89
38:58:209,89
38:58:229,89
38:58:249,89
38:58:270,89
38:58:291,89
38:58:311,89
38:58:332,88
38:58:352,88
38:58:373,88
38:58:393,88
38:58:413,88
38:58:434,88
38:58:454,87
38:58:475,87
38:58:495,87
38:58:515,87
38:58:536,87
38:58:556,87
38:58:577,87
38:58:597,86
38:58:618,86
38:58:638,86
38:58:659,87
38:58:679,86
38:58:700,86
38:58:716,86
38:58:737,86
38:58:757,86
38:58:778,85
38:58:798,86
38:58:819,85
38:58:839,85
38:58:860,86
38:58:881,85
38:58:901,85
38:58:922,85
38:58:942,85
38:58:962,85
38:58:983,84
38:59:003,84
38:59:024,85
38:59:045,84
38:59:064,84
38:59:085,85
38:59:106,84
38:59:126,85
38:59:146,85
38:59:166,84
38:59:187,84
38:59:207,85
38:59:228,85
38:59:248,84
38:59:270,84
38:59:290,84
38:59:311,84
38:59:331,84
38:59:351,84
38:59:372,84
38:59:392,84
38:59:412,84
38:59:433,84
38:59:453,84
38:59:474,84
38:59:495,84
38:59:511,84
38:59:532,84
38:59:552,84
38:59:573,84
38:59:593,84
38:59:613,84
38:59:634,84
38:59:655,84
38:59:675,83
38:59:696,84
38:59:716,84
38:59:736,84
38:59:757,84
38:59:777,84
38:59:797,84
38:59:818,84
38:59:839,84
38:59:859,84
38:59:880,84
38:59:900,84
38:59:920,84
38:59:941,84
38:59:961,84
38:59:982,84
39:00:002,84
39:00:023,84
39:00:044,85
39:00:064,84
39:00:085,84
39:00:105,84
39:00:125,84
39:00:146,84
39:00:166,84
39:00:187,84
39:00:207,84
39:00:227,84
39:00:244,84
39:00:269,84
39:00:286,84
39:00:305,84
39:00:326,84
39:00:347,84
39:00:367,84
39:00:388,84
39:00:408,85
39:00:428,85
39:00:449,84
39:00:470,84
39:00:490,84
39:00:510,85
39:00:531,85
39:00:552,84
39:00:572,84
39:00:592,84
39:00:613,85
39:00:633,84
39:00:654,84
39:00:674,84
39:00:695,84
39:00:715,84
39:00:736,84
39:00:756,84
39:00:777,84
39:00:797,84
39:00:817,84
39:00:837,84
39:00:858,84
39:00:879,83
39:00:899,83
39:00:920,84
39:00:940,83
39:00:960,84
39:00:981,83
39:01:002,83
39:01:022,83
39:01:039,83
39:01:059,83
39:01:079,83
39:01:100,83
39:01:120,83
39:01:141,84
39:01:162,83
39:01:182,83
39:01:203,84
39:01:223,84
39:01:243,83
39:01:264,83
39:01:285,83
39:01:305,83
39:01:325,83
39:01:346,83
39:01:366,83
39:01:387,83
39:01:408,83
39:01:428,83
39:01:448,83
39:01:468,83
39:01:489,83
39:01:510,83
39:01:530,83
39:01:550,83
39:01:571,83
39:01:591,83
39:01:612,83
39:01:633,83
39:01:653,83
39:01:674,83
39:01:694,83
39:01:715,83
39:01:735,83
39:01:756,83
39:01:772,83
39:01:792,83
39:01:813,83
39:01:833,84
39:01:853,83
39:01:874,83
39:01:894,83
39:01:915,84
39:01:935,83
39:01:956,83
39:01:977,83
39:01:997,83
39:02:018,83
39:02:038,84
39:02:059,84
39:02:079,84
39:02:100,84
39:02:120,84
39:02:141,83
39:02:161,83
39:02:181,84
39:02:202,83
39:02:222,84
39:02:243,83
39:02:263,84
39:02:283,84
39:02:304,84
39:02:325,84
39:02:345,84
39:02:366,85
39:02:386,84
39:02:407,84
39:02:427,85
39:02:448,85
39:02:468,84
39:02:489,85
39:02:509,85
39:02:526,85
39:02:546,85
39:02:566,85
39:02:587,85
39:02:608,85
39:02:628,85
39:02:648,85
39:02:669,86
39:02:690,86
39:02:709,85
39:02:731,86
39:02:751,87
39:02:771,87
39:02:792,86
39:02:812,86
39:02:832,86
39:02:853,86
39:02:874,86
39:02:894,86
39:02:914,86
39:02:935,86
39:02:955,86
39:02:976,87
39:02:997,86
39:03:017,86
39:03:037,86
39:03:058,87
39:03:079,86
39:03:099,86
39:03:119,86
39:03:139,86
39:03:160,86
39:03:181,87
39:03:201,87
39:03:222,87
39:03:242,87
39:03:263,87
39:03:283,86
39:03:300,87
39:03:320,86
39:03:340,87
39:03:361,87
39:03:382,87
39:03:402,86
39:03:422,87
39:03:443,87
39:03:463,87
39:03:484,87
39:03:504,87
39:03:525,87
39:03:545,87
39:03:566,87
39:03:586,87
39:03:606,88
39:03:627,87
39:03:648,88
39:03:669,88
39:03:688,88
39:03:709,87
39:03:729,87
39:03:750,87
39:03:771,88
39:03:791,88
39:03:811,88
39:03:832,88
39:03:853,88
39:03:873,88
39:03:893,88
39:03:914,88
39:03:934,88
39:03:955,88
39:03:975,87
39:03:996,87
39:04:016,88
39:04:037,88
39:04:053,88
39:04:074,88
39:04:095,88
39:04:114,88
39:04:135,88
39:04:155,88
39:04:176,88
39:04:196,88
39:04:217,88
39:04:238,89
39:04:258,89
39:04:278,88
39:04:299,88
39:04:319,88
39:04:340,88
39:04:361,88
39:04:381,88
39:04:401,89
39:04:422,89
39:04:442,88
39:04:462,88
39:04:483,88
39:04:504,88
39:04:525,88
39:04:544,88
39:04:565,88
39:04:586,88
39:04:606,88
39:04:627,88
39:04:647,89
39:04:668,88
39:04:688,88
39:04:708,88
39:04:729,89
39:04:749,89
39:04:770,89
39:04:790,89
39:04:811,88
39:04:827,88
39:04:847,89
39:04:869,88
39:04:889,89
39:04:910,89
39:04:930,88
39:04:951,89
39:04:971,89
39:04:992,89
39:05:011,89
39:05:032,89
39:05:053,88
39:05:073,89
39:05:093,89
39:05:114,88
39:05:135,89
39:05:155,89
39:05:175,89
39:05:196,89
39:05:217,89
39:05:237,89
39:05:257,89
39:05:278,89
39:05:299,89
39:05:319,89
39:05:339,89
39:05:360,89
39:05:380,89
39:05:401,89
39:05:421,89
39:05:442,89
39:05:462,89
39:05:482,89
39:05:503,89
39:05:524,89
39:05:544,89
39:05:564,89
39:05:581,89
39:05:601,89
39:05:622,89
39:05:642,89
39:05:662,89
39:05:683,89
39:05:704,89
39:05:724,89
39:05:745,89
39:05:765,89
39:05:786,89
39:05:806,89
39:05:827,90
39:05:847,90
39:05:868,89
39:05:888,89
39:05:909,90
39:05:929,90
39:05:949,90
39:05:970,90
39:05:990,90
39:06:011,90
39:06:032,90
39:06:052,90
39:06:072,90
39:06:093,90
39:06:114,90
39:06:134,90
39:06:154,89
39:06:175,90
39:06:195,90
39:06:216,90
39:06:236,90
39:06:256,90
39:06:278,91
39:06:298,90
39:06:318,90
39:06:339,90
39:06:355,90
39:06:376,90
39:06:396,90
39:06:417,90
39:06:437,90
39:06:458,90
39:06:478,90
39:06:498,90
39:06:519,90
39:06:540,91
39:06:560,91
39:06:580,90
39:06:601,90
39:06:621,91
39:06:642,91
39:06:662,91
39:06:683,91
39:06:703,90
39:06:724,90
39:06:744,91
39:06:765,91
39:06:785,91
39:06:806,91
39:06:826,91
39:06:846,91
39:06:867,91
39:06:888,92
39:06:908,91
39:06:929,91
39:06:949,91
39:06:969,91
39:06:990,91
39:07:011,91
39:07:031,91
39:07:052,91
39:07:071,91
39:07:088,91
39:07:109,91
39:07:129,91
39:07:149,91
39:07:170,91
39:07:191,91
39:07:211,91
39:07:231,92
39:07:252,91
39:07:272,91
39:07:293,91
39:07:313,91
39:07:334,91
39:07:354,91
39:07:375,91
39:07:395,91
39:07:415,91
39:07:436,91
39:07:457,91
39:07:477,91
39:07:498,91
39:07:518,91
39:07:539,91
39:07:559,91
39:07:579,91
39:07:600,91
39:07:620,91
39:07:641,91
39:07:662,92
39:07:682,91
39:07:702,91
39:07:723,92
39:07:744,92
39:07:764,92
39:07:784,92
39:07:805,92
39:07:826,91
39:07:842,91
39:07:863,91
39:07:883,91
39:07:904,91
39:07:924,91
39:07:944,92
39:07:965,92
39:07:985,92
39:08:006,92
39:08:027,92
39:08:047,91
39:08:067,91
39:08:088,92
39:08:108,92
39:08:129,92
39:08:149,92
39:08:169,92
39:08:190,92
39:08:211,92
39:08:231,92
39:08:252,92
39:08:272,92
39:08:292,92
39:08:313,92
39:08:333,92
39:08:354,92
39:08:374,92
39:08:395,92
39:08:415,92
39:08:436,92
39:08:456,92
39:08:477,92
39:08:498,92
39:08:518,92
39:08:538,92
39:08:558,93
39:08:579,93
39:08:600,93
39:08:615,93
39:08:636,93
39:08:657,93
39:08:678,93
39:08:698,92
39:08:718,93
39:08:738,93
39:08:760,93
39:08:780,93
39:08:801,93
39:08:820,93
39:08:841,93
39:08:862,93
39:08:883,93
39:08:902,93
39:08:923,93
39:08:943,93
39:08:964,93
39:08:985,93
39:09:005,93
39:09:025,93
39:09:046,93
39:09:067,93
39:09:087,93
39:09:107,93
39:09:128,94
39:09:149,93
39:09:169,93
39:09:190,93
39:09:209,93
39:09:230,94
39:09:251,94
39:09:271,94
39:09:292,93
39:09:312,94
39:09:333,93
39:09:349,94
39:09:369,94
39:09:390,94
39:09:411,94
39:09:431,93
39:09:451,94
39:09:472,94
39:09:493,94
39:09:513,94
39:09:533,93
39:09:554,93
39:09:575,94
39:09:595,93
39:09:615,94
39:09:636,94
39:09:656,94
39:09:677,94
39:09:697,95
39:09:718,94
39:09:738,94
39:09:759,94
39:09:779,94
39:09:799,94
39:09:820,95
39:09:841,94
39:09:860,94
39:09:882,94
39:09:902,95
39:09:923,94
39:09:943,94
39:09:963,95
39:09:984,94
39:10:004,95
39:10:024,95
39:10:045,94
39:10:066,94
39:10:087,95
39:10:107,94
39:10:124,94
39:10:144,95
39:10:164,95
39:10:185,95
39:10:206,95
39:10:226,95
39:10:247,95
39:10:267,95
39:10:287,95
39:10:308,95
39:10:328,95
39:10:349,94
39:10:369,95
39:10:389,95
39:10:410,95
39:10:431,95
39:10:451,95
39:10:472,95
39:10:492,95
39:10:512,95
39:10:532,95
39:10:553,95
39:10:574,95
39:10:595,95
39:10:615,95
39:10:635,95
39:10:655,95
39:10:676,95
39:10:697,95
39:10:717,95
39:10:737,95
39:10:758,95
39:10:778,95
39:10:799,95
39:10:820,95
39:10:840,95
39:10:857,95
39:10:877,95
39:10:897,95
39:10:918,95
39:10:938,95
39:10:959,95
39:10:979,95
39:10:999,95
39:11:020,96
39:11:041,96
39:11:061,96
39:11:082,95
39:11:102,96
39:11:122,96
39:11:143,96
39:11:164,96
39:11:185,96
39:11:205,96
39:11:225,96
39:11:245,96
39:11:266,96
39:11:286,96
39:11:306,96
39:11:327,96
39:11:348,96
39:11:368,96
39:11:388,96
39:11:409,96
39:11:430,96
39:11:450,95
39:11:471,96
39:11:491,96
39:11:512,96
39:11:532,96
39:11:553,96
39:11:573,97
39:11:593,96
39:11:614,96
39:11:634,96
39:11:651,96
39:11:672,96
39:11:692,96
39:11:712,96
39:11:733,96
39:11:753,96
39:11:774,96
39:11:794,97
39:11:815,97
39:11:836,96
39:11:856,96
39:11:877,96
39:11:897,97
39:11:918,97
39:11:937,97
39:11:958,391
39:11:979,97
39:11:998,97
39:12:020,96
39:12:040,96
39:12:061,96
39:12:081,97
39:12:101,96
39:12:122,96
39:12:142,97
39:12:162,96
39:12:184,97
39:12:204,97
39:12:225,97
39:12:245,97
39:12:266,97
39:12:286,97
39:12:307,97
39:12:327,96
39:12:347,96
39:12:368,96
39:12:388,96
39:12:405,96
39:12:426,96
39:12:445,96
39:12:466,96
39:12:487,96
39:12:507,96
39:12:528,96
39:12:548,97
39:12:568,96
39:12:589,96
39:12:609,96
39:12:629,96
39:12:651,96
39:12:671,96
39:12:691,97
39:12:711,97
39:12:732,96
39:12:752,96
39:12:774,97
39:12:794,96
39:12:814,96
39:12:834,96
39:12:855,96
39:12:876,96
39:12:896,96
39:12:917,96
39:12:937,96
39:12:958,96
39:12:978,97
39:12:998,96
39:13:019,96
39:13:039,96
39:13:060,96
39:13:081,96
39:13:101,97
39:13:122,96
39:13:142,96
39:13:162,96
39:13:179,97
39:13:199,97
39:13:219,96
39:13:240,96
39:13:261,96
39:13:281,97
39:13:301,97
39:13:322,97
39:13:343,97
39:13:363,97
39:13:384,97
39:13:404,97
39:13:425,97
39:13:445,97
39:13:465,97
39:13:486,97
39:13:506,97
39:13:526,97
39:13:547,97
39:13:567,97
39:13:588,97
39:13:608,97
39:13:629,97
39:13:650,97
39:13:670,97
39:13:691,97
39:13:711,97
39:13:732,97
39:13:752,97
39:13:773,97
39:13:793,97
39:13:814,97
39:13:834,97
39:13:855,97
39:13:875,97
39:13:895,97
39:13:912,97
39:13:932,97
39:13:953,97
39:13:973,97
39:13:994,97
39:14:014,97
39:14:034,97
39:14:055,97
39:14:075,97
39:14:096,98
39:14:116,98
39:14:137,97
39:14:158,97
39:14:178,97
39:14:198,98
39:14:219,98
39:14:239,98
39:14:260,98
39:14:281,98
39:14:301,98
39:14:321,99
39:14:342,98
39:14:362,98
39:14:383,98
39:14:403,98
39:14:424,98
39:14:445,97
39:14:464,97
39:14:485,98
39:14:505,98
39:14:526,98
39:14:546,98
39:14:567,98
39:14:588,98
39:14:608,98
39:14:629,98
39:14:649,98
39:14:666,98
39:14:686,98
39:14:706,98
39:14:727,98
39:14:747,98
39:14:768,98
39:14:789,98
39:14:808,98
39:14:829,98
39:14:850,98
39:14:871,98
39:14:890,99
39:14:911,98
39:14:932,98
39:14:952,98
39:14:973,98
39:14:993,99
39:15:013,98
39:15:034,98
39:15:055,98
39:15:075,98
39:15:095,99
39:15:116,98
39:15:136,98
39:15:157,98
39:15:177,98
39:15:198,99
39:15:219,99
39:15:239,99
39:15:259,99
39:15:280,99
39:15:300,98
39:15:321,99
39:15:341,99
39:15:362,98
39:15:383,99
39:15:403,98
39:15:423,99
39:15:440,99
39:15:460,99
39:15:480,99
39:15:501,99
39:15:522,99
39:15:542,98
39:15:562,99
39:15:583,99
39:15:603,99
39:15:624,99
39:15:644,99
39:15:664,99
39:15:686,99
39:15:705,99
39:15:726,99
39:15:746,99
39:15:768,99
39:15:788,99
39:15:808,99
39:15:829,99
39:15:849,99
39:15:870,99
39:15:890,99
39:15:911,99
39:15:930,99
39:15:952,99
39:15:972,100
39:15:993,99
39:16:013,99
39:16:033,99
39:16:054,100
39:16:074,100
39:16:095,99
39:16:116,100
39:16:136,99
39:16:156,99
39:16:177,99
39:16:197,99
39:16:218,99
39:16:238,99
39:16:255,99
39:16:275,99
39:16:300,100
39:16:320,100
39:16:341,100
39:16:357,99
39:16:381,100
39:16:402,100
39:16:422,100
39:16:439,99
39:16:463,100
39:16:484,100
39:16:505,100
39:16:525,100
39:16:545,100
39:16:562,100
39:16:582,100
39:16:603,100
39:16:623,100
39:16:644,100
39:16:664,100
39:16:684,100
39:16:705,100
39:16:726,100
39:16:746,100
39:16:767,100
39:16:787,100
39:16:807,100
39:16:828,100
39:16:849,100
39:16:869,100
39:16:890,101
39:16:910,100
39:16:931,100
39:16:951,100
39:16:971,100
39:16:992,100
39:17:012,100
39:17:033,100
39:17:054,100
39:17:074,100
39:17:094,101
39:17:115,100
39:17:135,100
39:17:156,100
39:17:176,100
39:17:197,293
39:17:217,100
39:17:238,100
39:17:258,100
39:17:278,101
39:17:300,101
39:17:319,101
39:17:339,100
39:17:361,101
39:17:381,101
39:17:401,101
39:17:422,101
39:17:443,101
39:17:463,101
39:17:483,101
39:17:504,101
39:17:524,100
39:17:545,101
39:17:566,101
39:17:586,101
39:17:606,101
39:17:626,100
39:17:648,102
39:17:667,101
39:17:688,101
39:17:708,101
39:17:729,101
39:17:749,101
39:17:770,102
39:17:791,101
39:17:811,102
39:17:832,101
39:17:852,101
39:17:873,101
39:17:888,101
39:17:909,101
39:17:929,101
39:17:950,101
39:17:971,101
39:17:992,101
39:18:012,101
39:18:032,101
39:18:053,101
39:18:074,101
39:18:094,101
39:18:114,101
39:18:135,101
39:18:155,102
39:18:175,101
39:18:196,102
39:18:216,101
39:18:236,101
39:18:257,101
39:18:278,101
39:18:299,102
39:18:319,102
39:18:339,102
39:18:360,102
39:18:381,102
39:18:401,102
39:18:421,101
39:18:441,101
39:18:462,102
39:18:483,102
39:18:503,102
39:18:524,102
39:18:544,102
39:18:564,102
39:18:585,102
39:18:605,102
39:18:626,102
39:18:647,102
39:18:667,102
39:18:688,102
39:18:708,102
39:18:728,102
39:18:749,101
39:18:770,101
39:18:790,101
39:18:811,102
39:18:831,101
39:18:852,101
39:18:872,102
39:18:892,102
39:18:913,102
39:18:933,102
39:18:954,102
39:18:974,102
39:18:995,102
39:19:015,102
39:19:036,101
39:19:057,102
39:19:076,102
39:19:097,102
39:19:117,102
39:19:138,102
39:19:158,102
39:19:179,102
39:19:200,102
39:19:220,102
39:19:240,102
39:19:260,102
39:19:281,102
39:19:302,325
39:19:322,103
39:19:343,102
39:19:364,102
39:19:379,102
39:19:404,102
39:19:421,102
39:19:441,102
39:19:461,102
39:19:482,102
39:19:502,101
39:19:523,102
39:19:543,102
39:19:564,102
39:19:585,102
39:19:605,102
39:19:625,102
39:19:646,102
39:19:666,102
39:19:686,102
39:19:707,102
39:19:728,102
39:19:748,102
39:19:769,102
39:19:789,101
39:19:810,102
39:19:830,102
39:19:851,103
39:19:871,102
39:19:892,102
39:19:912,102
39:19:933,102
39:19:953,102
39:19:974,102
39:19:994,102
39:20:015,102
39:20:035,102
39:20:056,102
39:20:076,102
39:20:096,102
39:20:117,102
39:20:137,102
39:20:158,103
39:20:179,103
39:20:198,103
39:20:219,103
39:20:240,103
39:20:261,103
39:20:281,102
39:20:301,102
39:20:322,103
39:20:342,103
39:20:362,103
39:20:383,102
39:20:403,102
39:20:424,102
39:20:445,103
39:20:465,103
39:20:486,102
39:20:506,103
39:20:527,102
39:20:547,103
39:20:568,103
39:20:588,102
39:20:608,102
39:20:629,102
39:20:649,102
39:20:670,102
39:20:691,102
39:20:711,102
39:20:731,103
39:20:751,102
39:20:773,103
39:20:793,103
39:20:813,103
39:20:834,103
39:20:854,103
39:20:871,103
39:20:891,103
39:20:912,104
39:20:932,103
39:20:953,103
39:20:973,102
39:20:994,103
39:21:014,103
39:21:035,104
39:21:055,103
39:21:075,104
39:21:096,103
39:21:117,104
39:21:137,103
39:21:158,104
39:21:177,103
39:21:198,103
39:21:219,103
39:21:239,103
39:21:259,103
39:21:280,103
39:21:300,103
39:21:321,103
39:21:342,104
39:21:362,103
39:21:382,103
39:21:403,104
39:21:423,103
39:21:444,103
39:21:464,103
39:21:485,103
39:21:505,103
39:21:526,103
39:21:546,102
39:21:567,103
39:21:587,103
39:21:608,103
39:21:628,102
39:21:648,103
39:21:669,103
39:21:689,102
39:21:710,103
39:21:731,103
39:21:752,102
39:21:771,103
39:21:792,102
39:21:813,103
39:21:833,102
39:21:854,103
39:21:874,103
39:21:895,103
39:21:915,104
39:21:936,103
39:21:956,103
39:21:976,102
39:21:997,103
39:22:018,103
39:22:038,103
39:22:054,102
39:22:075,102
39:22:096,103
39:22:116,102
39:22:136,102
39:22:156,102
39:22:177,102
39:22:197,102
39:22:219,102
39:22:238,102
39:22:259,102
39:22:279,102
39:22:300,102
39:22:320,102
39:22:341,102
39:22:361,102
39:22:382,102
39:22:403,102
39:22:423,102
39:22:443,102
39:22:464,102
39:22:484,102
39:22:505,102
39:22:525,102
39:22:546,102
39:22:566,102
39:22:587,102
39:22:607,102
39:22:628,101
39:22:648,102
39:22:669,102
39:22:689,102
39:22:709,102
39:22:730,102
39:22:751,102
39:22:771,102
39:22:791,102
39:22:812,103
39:22:832,102
39:22:853,102
39:22:873,102
39:22:894,102
39:22:914,102
39:22:935,102
39:22:955,102
39:22:976,103
39:22:996,102
39:23:017,102
39:23:037,102
39:23:057,102
39:23:078,102
39:23:099,103
39:23:119,103
39:23:139,102
39:23:160,102
39:23:180,102
39:23:201,102
39:23:221,102
39:23:242,103
39:23:263,103
39:23:283,103
39:23:303,103
39:23:324,102
39:23:344,102
39:23:365,103
39:23:381,102
39:23:401,103
39:23:422,102
39:23:443,103
39:23:463,102
39:23:483,103
39:23:504,103
39:23:524,103
39:23:545,103
39:23:565,103
39:23:587,103
39:23:607,103
39:23:627,103
39:23:648,103
39:23:668,103
39:23:688,102
39:23:709,103
39:23:729,103
39:23:749,104
39:23:771,103
39:23:791,103
39:23:811,103
39:23:832,103
39:23:852,103
39:23:872,104
39:23:893,104
39:23:913,103
39:23:934,103
39:23:954,104
39:23:975,103
39:23:995,103
39:24:016,103
39:24:037,103
39:24:057,103
39:24:077,103
39:24:098,103
39:24:118,103
39:24:139,104
39:24:159,104
39:24:180,103
39:24:201,104
39:24:221,104
39:24:242,104
39:24:262,104
39:24:283,104
39:24:303,104
39:24:323,104
39:24:343,104
39:24:365,103
39:24:385,104
39:24:405,104
39:24:425,104
39:24:446,103
39:24:462,104
39:24:483,103
39:24:504,104
39:24:524,104
39:24:545,104
39:24:564,104
39:24:586,104
39:24:606,104
39:24:626,104
39:24:647,104
39:24:667,104
39:24:687,104
39:24:708,103
39:24:728,104
39:24:749,104
39:24:770,104
39:24:790,104
39:24:811,104
39:24:831,105
39:24:852,104
39:24:872,104
39:24:893,104
39:24:913,105
39:24:933,104
39:24:954,105
39:24:975,104
39:24:995,104
39:25:016,104
39:25:036,104
39:25:056,104
39:25:077,104
39:25:098,104
39:25:118,104
39:25:138,104
39:25:159,104
39:25:179,104
39:25:200,103
39:25:220,104
39:25:241,103
39:25:261,104
39:25:282,104
39:25:302,104
39:25:323,104
39:25:343,103
39:25:364,103
39:25:384,103
39:25:405,103
39:25:425,104
39:25:445,103
39:25:466,103
39:25:487,103
39:25:506,103
39:25:527,103
39:25:548,103
39:25:568,103
39:25:589,103
39:25:609,103
39:25:625,102
39:25:647,102
39:25:667,102
39:25:688,101
39:25:707,101
39:25:728,101
39:25:748,101
39:25:769,101
39:25:789,100
39:25:810,100
39:25:831,100
39:25:851,99
39:25:872,99
39:25:892,99
39:25:913,98
39:25:933,98
39:25:954,98
39:25:974,97
39:25:994,97
39:26:015,97
39:26:035,96
39:26:056,96
39:26:076,95
39:26:097,95
39:26:117,95
39:26:138,95
39:26:159,94
39:26:178,93
39:26:199,93
39:26:219,93
39:26:240,92
39:26:261,92
39:26:281,92
39:26:298,91
39:26:318,91
39:26:338,91
39:26:359,90
39:26:379,90
39:26:400,90
39:26:421,89
39:26:441,89
39:26:462,89
39:26:482,88
39:26:502,88
39:26:527,214
39:26:543,87
39:26:564,87
39:26:584,86
39:26:605,87
39:26:625,86
39:26:645,86
39:26:666,86
39:26:686,86
39:26:707,85
39:26:727,85
39:26:748,85
39:26:769,85
39:26:789,84
39:26:810,84
39:26:830,84
39:26:851,83
39:26:871,83
39:26:892,83
39:26:912,83
39:26:932,83
39:26:953,83
39:26:973,83
39:26:994,82
39:27:014,82
39:27:035,82
39:27:055,82
39:27:076,83
39:27:096,82
39:27:112,82
39:27:133,82
39:27:153,82
39:27:174,81
39:27:195,82
39:27:215,81
39:27:236,81
39:27:256,81
39:27:276,81
39:27:296,80
39:27:318,80
39:27:338,80
39:27:358,80
39:27:379,80
39:27:399,79
39:27:420,79
39:27:441,79
39:27:460,79
39:27:481,79
39:27:502,339
39:27:522,78
39:27:543,78
39:27:564,78
39:27:584,78
39:27:604,78
39:27:625,78
39:27:645,78
39:27:665,77
39:27:686,77
39:27:707,78
39:27:727,77
39:27:747,77
39:27:768,77
39:27:788,77
39:27:809,77
39:27:830,77
39:27:850,77
39:27:870,77
39:27:891,77
39:27:907,77
39:27:928,77
39:27:948,76
39:27:969,76
39:27:989,77
39:28:010,76
39:28:030,77
39:28:051,77
39:28:071,76
39:28:091,76
39:28:112,77
